City,Product Type,Trip or Order Status,Request Time,Begin Trip Time,Begin Trip Lat,Begin Trip Lng,Begin Trip Address,Dropoff Time,Dropoff Lat,Dropoff Lng,Dropoff Address,Distance (miles),Fare Amount,Fare Currency
Sao Paulo,UberX,COMPLETED,2023-10-03 14:12:50 +0000 UTC,2023-10-03 14:22:10 +0000 UTC,-23.497253,-46.440014,"R. Dr. José Guilherme Eiras, 123 - São Miguel Paulista - São Paulo - SP, 08010-220",2023-10-03 14:33:55 +0000 UTC,-23.520693,-46.423267,"Rua Cambacica, 338 - São Paulo - SP, 08032-440",2.53,13.12,BRL
Sao Paulo,UberX,COMPLETED,2023-09-28 17:11:54 +0000 UTC,2023-09-28 17:19:38 +0000 UTC,-23.56316,-46.588573,"Rua Fernando Falcão, 1111 - São Paulo - São Paulo - SP, 03180-003",2023-09-28 17:33:17 +0000 UTC,-23.54191,-46.589756,"Av. Alcântara Machado, S/N - Belenzinho - São Paulo - SP, 03302-000",2.66,19.97,BRL
Sao Paulo,UberX,COMPLETED,2023-09-28 16:32:21 +0000 UTC,2023-09-28 16:39:18 +0000 UTC,-23.54338,-46.589165,"Av. Alcântara Machado, S/N - Belenzinho - São Paulo - SP, 03302-000",2023-09-28 16:49:12 +0000 UTC,-23.56338,-46.58852,"Rua Fernando Falcão, 1111 - São Paulo - São Paulo - SP, 03180-003",1.87,14.94,BRL
Sao Paulo,UberX,COMPLETED,2023-09-10 22:10:54 +0000 UTC,2023-09-10 22:24:13 +0000 UTC,-23.52067,-46.440445,"Rua Manoel Celestino Filho, 9 - São Miguel - São Paulo - SP, 08245-161",2023-09-10 22:48:31 +0000 UTC,-23.512012,-46.52025,"Rua Manuel Leiroz, 210 - Cangaiba - São Paulo - SP, 03735-180",6.25,24.93,BRL
Sao Paulo,UberX,COMPLETED,2023-08-03 17:26:57 +0000 UTC,2023-08-03 17:29:53 +0000 UTC,-23.563318,-46.588703,"Rua Fernando Falcão, 1111 - São Paulo - São Paulo - SP, 03180-003",2023-08-03 17:44:31 +0000 UTC,-23.54191,-46.589806,"Av. Alcântara Machado, S/N - São Paulo - SP, 03302-000",2.69,19.99,BRL
Sao Paulo,UberX,COMPLETED,2023-08-03 16:15:21 +0000 UTC,2023-08-03 16:18:41 +0000 UTC,-23.543413,-46.589195,"Av. Alcântara Machado, S/N - São Paulo - SP, 03302-000",2023-08-03 16:27:52 +0000 UTC,-23.56334,-46.588543,"Rua Fernando Falcão, 1111 - São Paulo - São Paulo - SP, 03180-003",1.85,14.97,BRL
Sao Paulo,UberX,COMPLETED,2023-07-22 16:01:09 +0000 UTC,2023-07-22 16:13:19 +0000 UTC,-23.527609,-46.41778,"Avenida Nordestina, 5643 - Lajeado - São Paulo - SP, 08431-410",2023-07-22 16:51:02 +0000 UTC,-23.51192,-46.520256,"Rua Manuel Leiroz, 210 - Cangaiba - São Paulo - SP, 03735-180",9.44,29.98,BRL
Sao Paulo,UberX,COMPLETED,2023-07-22 11:40:02 +0000 UTC,2023-07-22 11:44:47 +0000 UTC,-23.511929,-46.520233,"Rua Manuel Leiroz, 210 - Cangaiba - São Paulo - SP, 03735-180",2023-07-22 12:16:51 +0000 UTC,-23.520971,-46.41904,"Av. Nordestina, 4900 - Vila Nova Curuca, São Paulo - SP, 08032-000, Brasil",9.45,29.98,BRL
Sao Paulo,UberX,COMPLETED,2023-06-03 17:45:02 +0000 UTC,2023-06-03 17:50:11 +0000 UTC,-23.512053,-46.52027,"Rua Manuel Leiroz, 210 - Cangaiba - São Paulo - SP, 03735-180",2023-06-03 18:04:19 +0000 UTC,-23.52532,-46.546257,"R. Dr. João Ribeiro, 304 - Penha de França - São Paulo - SP, 03634-000",2.64,19.9,BRL
Sao Paulo,UberX,COMPLETED,2023-05-02 13:52:43 +0000 UTC,2023-05-02 13:54:52 +0000 UTC,-23.567305,-46.504654,Acesso Estacionamento Av Aricanduva,2023-05-02 14:20:12 +0000 UTC,-23.511929,-46.520298,"Rua Manuel Leiroz, 210 - Cangaiba - São Paulo - SP, 03735-180",5.45,22.94,BRL
Sao Paulo,UberX,COMPLETED,2023-05-02 13:00:39 +0000 UTC,2023-05-02 13:08:51 +0000 UTC,-23.511908,-46.52025,"Rua Manuel Leiroz, 210 - Cangaiba - São Paulo - SP, 03735-180",2023-05-02 13:37:42 +0000 UTC,-23.567263,-46.503807,"Shopping Aricanduva Av. Aricanduva, 5.555 - Jardim Marília - São Paulo - SP, 03930-110",6.21,24.93,BRL
Sao Paulo,UberX,COMPLETED,2023-04-13 15:44:33 +0000 UTC,2023-04-13 15:52:52 +0000 UTC,-23.54525,-46.59056,"R. Padre Adelino, 333 - Belém - São Paulo - SP, 03117-000",2023-04-13 16:16:45 +0000 UTC,-23.511816,-46.520256,"Rua Manuel Leiroz, 210 - Cangaiba - São Paulo - SP, 03735-180",6.84,31.96,BRL
Sao Paulo,UberX,COMPLETED,2023-04-08 22:23:38 +0000 UTC,2023-04-08 22:37:14 +0000 UTC,-23.55365,-46.5916,"Av. Cassandoca, 571 - Mooca - São Paulo - SP, 03169-010",2023-04-08 23:03:04 +0000 UTC,-23.511951,-46.520256,"Rua Manuel Leiroz, 210 - Cangaiba - São Paulo - SP, 03735-180",7.87,32.99,BRL
Sao Paulo,UberX,COMPLETED,2023-04-08 18:24:16 +0000 UTC,2023-04-08 18:29:40 +0000 UTC,-23.512108,-46.520264,"Rua Manuel Leiroz, 210 - Cangaiba - São Paulo - SP, 03735-180",2023-04-08 18:53:02 +0000 UTC,-23.551853,-46.61401,"Rua Doutor Freire, 38 - Brás - São Paulo - SP, 03101-020",8.00,25.09,BRL
Sao Paulo,UberX,COMPLETED,2023-04-08 01:40:31 +0000 UTC,2023-04-08 01:49:11 +0000 UTC,-23.468163,-46.611088,"Rua Eduardo Vicente Nasser, 391 - Tucuruvi - São Paulo - SP, 02344-050",2023-04-08 02:17:04 +0000 UTC,-23.511982,-46.520226,"Rua Manuel Leiroz, 210 - Cangaiba - São Paulo - SP, 03735-180",11.88,44.99,BRL
Sao Paulo,UberX,COMPLETED,2023-04-07 16:37:15 +0000 UTC,2023-04-07 16:56:15 +0000 UTC,-23.512066,-46.52024,"Rua Manuel Leiroz, 297 - Cangaiba - São Paulo - SP, 03735-180",2023-04-07 17:26:53 +0000 UTC,-23.468283,-46.61097,"Rua Otávio Lopes Castelo Branco, 40 - Tucuruvi - São Paulo - SP, 02345-020",10.43,29.92,BRL
Sao Paulo,UberX,COMPLETED,2023-04-05 21:47:48 +0000 UTC,2023-04-05 21:52:10 +0000 UTC,-23.531462,-46.530106,Estação Vila Matilde,2023-04-05 22:05:43 +0000 UTC,-23.512102,-46.52017,"Rua Manuel Leiroz, 210 - Cangaiba - São Paulo - SP, 03735-180",2.08,24.91,BRL
Sao Paulo,UberX,COMPLETED,2023-04-03 03:49:01 +0000 UTC,2023-04-03 03:55:02 +0000 UTC,-23.468185,-46.611042,"Rua Otávio Lopes Castelo Branco, 40 - Tucuruvi - São Paulo - SP, 02345-020",2023-04-03 04:19:07 +0000 UTC,-23.511942,-46.52028,"Rua Manuel Leiroz, 210 - Cangaiba - São Paulo - SP, 03735-180",11.79,44.92,BRL
Sao Paulo,UberX,COMPLETED,2023-04-02 14:42:23 +0000 UTC,2023-04-02 14:44:48 +0000 UTC,-23.51198,-46.52027,"Rua Manuel Leiroz, 210 - Cangaiba - São Paulo - SP, 03735-180",2023-04-02 15:25:00 +0000 UTC,-23.468185,-46.611027,"Rua Otávio Lopes Castelo Branco, 40 - Tucuruvi - São Paulo - SP, 02345-020",10.03,29.94,BRL
Sao Paulo,UberX,COMPLETED,2023-03-25 21:12:02 +0000 UTC,2023-03-25 21:16:03 +0000 UTC,-23.614323,-46.661892,"Avenida Miruna, 561 - Moema - São Paulo - SP, 04084-002",2023-03-25 21:59:25 +0000 UTC,-23.511997,-46.520195,"Rua Manuel Leiroz, 210 - Cangaiba - São Paulo - SP, 03735-180",16.29,49.97,BRL
Sao Paulo,UberX,COMPLETED,2023-03-25 15:01:03 +0000 UTC,2023-03-25 15:04:37 +0000 UTC,-23.511951,-46.520313,"Rua Manuel Leiroz, 210 - Cangaiba - São Paulo - SP, 03735-180",2023-03-25 16:14:56 +0000 UTC,-23.61431,-46.661922,"Avenida Miruna, 561 - Moema - São Paulo - SP, 04084-002",14.52,44.97,BRL
Sao Paulo,UberX,COMPLETED,2023-03-16 16:42:29 +0000 UTC,2023-03-16 16:47:41 +0000 UTC,-23.564201,-46.504555,"Avenida Particular, 668 - Cidade Líder - São Paulo - SP, 03571",2023-03-16 17:08:16 +0000 UTC,-23.511993,-46.52022,"Rua Manuel Leiroz, 210 - Cangaiba - São Paulo - SP, 03735-180",5.24,24.9,BRL
Sao Paulo,UberX,COMPLETED,2023-03-16 15:30:20 +0000 UTC,2023-03-16 15:38:28 +0000 UTC,-23.511938,-46.520226,"Rua Manuel Leiroz, 210 - Cangaiba - São Paulo - SP, 03735-180",2023-03-16 16:11:05 +0000 UTC,-23.563974,-46.502594,"Av. Aricanduva, 5555 - Vila Matilde - São Paulo - SP, 03527-900",6.39,26.95,BRL
Sao Paulo,UberX,COMPLETED,2023-03-06 00:25:09 +0000 UTC,2023-03-06 00:32:27 +0000 UTC,-23.64614,-46.640053,"Avenida Engenheiro Armando de Arruda Pereira, 1897 - Jabaquara - São Paulo - SP, 04309-010",2023-03-06 01:24:35 +0000 UTC,-23.512012,-46.5202,"Rua Manuel Leiroz, 210 - Cangaiba - São Paulo - SP, 03735-180",17.81,69.97,BRL
Sao Paulo,UberX,COMPLETED,2023-03-04 23:52:19 +0000 UTC,2023-03-05 00:00:30 +0000 UTC,-23.516666,-46.639397,Centro de Convenções Anhembi,2023-03-05 00:43:08 +0000 UTC,-23.531528,-46.529987,- Vila Esperança - São Paulo - SP,13.44,52.85,BRL
Sao Paulo,UberX,COMPLETED,2023-03-04 20:19:10 +0000 UTC,2023-03-04 20:24:20 +0000 UTC,-23.512026,-46.520306,"Rua Manuel Leiroz, 210 - Cangaiba - São Paulo - SP, 03735-180",2023-03-04 20:46:32 +0000 UTC,-23.515297,-46.650265,"Rua Professor Mílton Rodrigues, 100 - Santana - São Paulo - SP, 02009-040",10.34,33.93,BRL
Sao Paulo,UberX,COMPLETED,2023-02-13 23:20:18 +0000 UTC,2023-02-13 23:24:36 +0000 UTC,-23.510452,-46.507652,"Av. São Miguel, 2409 - Vila Marieta - São Paulo - SP, 03619-100",2023-02-13 23:29:20 +0000 UTC,-23.511978,-46.520176,"Rua Manuel Leiroz, 210 - Cangaiba - São Paulo - SP, 03735-180",1.07,8.96,BRL
Sao Paulo,UberX,COMPLETED,2023-02-04 23:46:56 +0000 UTC,2023-02-04 23:53:57 +0000 UTC,-23.51193,-46.52032,"Rua Manuel Leiroz, 210 - Cangaiba - São Paulo - SP, 03735-180",2023-02-05 00:42:54 +0000 UTC,-23.55726,-46.34797,"Rua Gaudêncio Romano, 51 - Poá - Poá - SP, 08568-500",14.91,54.95,BRL
Sao Paulo,UberX,COMPLETED,2023-01-03 17:21:53 +0000 UTC,2023-01-03 17:23:57 +0000 UTC,-23.510427,-46.507793,"Av. São Miguel, 2409 - Vila Marieta - São Paulo - SP, 03619-100",2023-01-03 17:29:02 +0000 UTC,-23.511946,-46.520252,"Rua Manuel Leiroz, 210 - Cangaiba - São Paulo - SP, 03735-180",0.93,8.97,BRL
Sao Paulo,UberX,COMPLETED,2022-12-06 23:14:43 +0000 UTC,2022-12-06 23:18:27 +0000 UTC,-23.51046,-46.50788,"Av. São Miguel, 2409 - Vila Marieta - São Paulo - SP, 03619-100",2022-12-06 23:23:26 +0000 UTC,-23.511961,-46.520313,"Rua Manuel Leiroz, 210 - Cangaiba - São Paulo - SP, 03735-180",0.93,17.92,BRL
Sao Paulo,UberX,COMPLETED,2022-12-04 05:42:18 +0000 UTC,2022-12-04 05:49:05 +0000 UTC,-23.468037,-46.611298,"Rua Luís Augusto de Oliveira, 366 - Tucuruvi - São Paulo - SP, 02344-040",2022-12-04 06:49:46 +0000 UTC,-23.599854,-46.45186,"Rua Francisco de Melo Palheta, 815 - Iguatemi - São Paulo - SP, 08341-280",23.02,74.96,BRL
Sao Paulo,UberX,COMPLETED,2022-12-03 21:33:18 +0000 UTC,2022-12-03 21:37:30 +0000 UTC,-23.512018,-46.520267,"Rua Manuel Leiroz, 210 - Cangaiba - São Paulo - SP, 03735-180",2022-12-03 22:13:37 +0000 UTC,-23.468166,-46.611065,"Rua Otávio Lopes Castelo Branco, 40 - Tucuruvi - São Paulo - SP, 02345-020",10.74,49.94,BRL
Sao Paulo,UberX,COMPLETED,2022-11-19 20:49:29 +0000 UTC,2022-11-19 20:55:30 +0000 UTC,-23.53132,-46.53002,Estação Vila Matilde,2022-11-19 21:04:58 +0000 UTC,-23.5119,-46.52025,"Rua Manuel Leiroz, 210 - Cangaiba - São Paulo - SP, 03735-180",2.22,14.9,BRL
Sao Paulo,UberX,COMPLETED,2022-11-19 16:31:47 +0000 UTC,2022-11-19 16:39:36 +0000 UTC,-23.511925,-46.520344,"Rua Manuel Leiroz, 210 - Cangaiba - São Paulo - SP, 03735-180",2022-11-19 16:54:39 +0000 UTC,-23.531717,-46.543484,"Av. Conde de Frontin, S/N - Penha de Franca - São Paulo - SP, 03644-070",2.89,19.9,BRL
Sao Paulo,UberX,COMPLETED,2022-11-16 10:07:44 +0000 UTC,2022-11-16 10:19:18 +0000 UTC,-23.511982,-46.520348,"Rua Manuel Leiroz, 210 - Cangaiba - São Paulo - SP, 03735-180",2022-11-16 10:33:48 +0000 UTC,-23.531187,-46.53091,- Vila Esperança - São Paulo - SP,2.18,19.92,BRL
Sao Paulo,UberX,COMPLETED,2022-09-27 01:39:28 +0000 UTC,2022-09-27 01:45:48 +0000 UTC,-23.42559,-46.482925,Terminal 2,2022-09-27 02:11:20 +0000 UTC,-23.512045,-46.520256,"Rua Manuel Leiroz, 210 - Cangaiba - São Paulo - SP, 03735-180",13.38,54.9,BRL
Sao Paulo,UberX,COMPLETED,2022-09-22 22:06:28 +0000 UTC,2022-09-22 22:13:54 +0000 UTC,-23.512041,-46.520252,"Rua Manuel Leiroz, 210 - Cangaiba - São Paulo - SP, 03735-180",2022-09-22 22:38:27 +0000 UTC,-23.425814,-46.479935,"Rod. Hélio Smidt, s/nº - Aeroporto, Guarulhos - SP, 07190-100, Brasil",12.39,39.91,BRL
Sao Paulo,UberX,COMPLETED,2022-09-03 00:41:14 +0000 UTC,2022-09-03 00:42:22 +0000 UTC,-23.531372,-46.53027,Estação Vila Matilde,2022-09-03 00:52:20 +0000 UTC,-23.512014,-46.52028,"Rua Manuel Leiroz, 210 - Cangaiba - São Paulo - SP, 03735-180",2.10,14.97,BRL
Sao Paulo,UberX,COMPLETED,2022-09-02 10:05:18 +0000 UTC,2022-09-02 10:12:48 +0000 UTC,-23.511986,-46.520313,"Rua Manuel Leiroz, 210 - Cangaiba - São Paulo - SP, 03735-180",2022-09-02 10:24:51 +0000 UTC,-23.531424,-46.529976,- Vila Esperança - São Paulo - SP,2.30,14.99,BRL
Sao Paulo,UberX,COMPLETED,2022-07-30 02:34:48 +0000 UTC,2022-07-30 02:37:16 +0000 UTC,-23.531374,-46.530235,Estação Vila Matilde,2022-07-30 02:44:43 +0000 UTC,-23.511972,-46.520252,"Rua Manuel Leiroz, 210 - Cangaiba - São Paulo - SP, 03735-180",2.21,11.9,BRL
Sao Paulo,UberX,COMPLETED,2022-07-14 02:32:10 +0000 UTC,2022-07-14 02:34:01 +0000 UTC,-23.531376,-46.53016,Estação Vila Matilde,2022-07-14 02:42:02 +0000 UTC,-23.51198,-46.520283,"Rua Manuel Leiroz, 210 - Cangaiba - São Paulo - SP, 03735-180",2.11,12.92,BRL
Sao Paulo,UberX,COMPLETED,2022-04-28 15:56:04 +0000 UTC,2022-04-28 16:01:29 +0000 UTC,-23.520704,-46.42328,"Rua Cambacica, 338 - Vila Curuçá - São Paulo - SP, 08032-440",2022-04-28 16:17:44 +0000 UTC,-23.507425,-46.452187,"Rua Flor de Natal, 56 - Vila Jacuí - São Paulo - SP, 08050-230",3.03,16.92,BRL
Sao Paulo,UberX,COMPLETED,2022-02-26 20:06:01 +0000 UTC,2022-02-26 20:10:55 +0000 UTC,-23.511946,-46.52027,"Rua Manuel Leiroz, 297 - Vila Penteado, São Paulo - SP, 03735-180, Brasil",2022-02-26 20:51:57 +0000 UTC,-23.599895,-46.45184,"R. Francisco de Melo Palheta, 812 - Parque Boa Esperança, São Paulo - SP, 08341-280, Brasil",11.19,49.97,BRL
Sao Paulo,UberX,COMPLETED,2022-02-23 14:19:13 +0000 UTC,2022-02-23 14:26:37 +0000 UTC,-23.511917,-46.520252,"Rua Manuel Leiroz, 297 - Vila Penteado, São Paulo - SP, 03735-180, Brasil",2022-02-23 14:51:29 +0000 UTC,-23.426172,-46.483086,"Terminal 2, Aeroporto Internacional de São Paulo (GRU) - Cumbica - Guarulhos - SP, 07190-100",8.98,33.93,BRL
Sao Paulo,UberX,COMPLETED,2022-02-19 20:11:19 +0000 UTC,2022-02-19 20:14:46 +0000 UTC,-23.599794,-46.451817,"R. Francisco de Melo Palheta, 815 - Parque Boa Esperança, São Paulo - SP, 08341-280, Brasil",2022-02-19 20:53:10 +0000 UTC,-23.511942,-46.52026,"Rua Manuel Leiroz, 297 - Vila Penteado, São Paulo - SP, 03735-180, Brasil",14.22,34.91,BRL
Sao Paulo,UberX,COMPLETED,2022-02-19 16:06:56 +0000 UTC,2022-02-19 16:16:32 +0000 UTC,-23.512115,-46.52028,"R. Samuel Rubli, 006 - Jardim Arizona, São Paulo - SP, 03735-370, Brasil",2022-02-19 16:53:32 +0000 UTC,-23.599855,-46.45185,"R. Francisco de Melo Palheta, 812 - Parque Boa Esperança, São Paulo - SP, 08341-280, Brasil",11.20,42.24,BRL
Sao Paulo,UberX,COMPLETED,2022-02-14 06:29:57 +0000 UTC,2022-02-14 06:37:29 +0000 UTC,-23.59985,-46.45179,"R. Francisco de Melo Palheta, 812 - Parque Boa Esperança, São Paulo - SP, 08341-280, Brasil",2022-02-14 07:20:15 +0000 UTC,-23.512016,-46.520157,"Rua Manuel Leiroz, 20 - Vila Buenos Aires, São Paulo - SP, 37351-180, Brasil",16.58,56.97,BRL
Sao Paulo,UberX,COMPLETED,2022-02-09 12:58:20 +0000 UTC,2022-02-09 13:06:00 +0000 UTC,-23.62545,-46.487038,"Av. Nestor de Barros, 700 - Jardim Ana Maria, Santo André - SP, 09260-520, Brasil",2022-02-09 13:10:00 +0000 UTC,-23.633808,-46.49379,"R. Atabasca, 877 - Jardim Santo Alberto, Santo André - SP, 09260-430, Brasil",1.05,9.91,BRL
Sao Paulo,UberX,CANCELED,2022-02-09 12:50:58 +0000 UTC,1970-01-01 00:00:00 +0000 UTC,-23.621725,-46.5273,"R. Leonilda, 383 - Vila Camilópolis - Santo André - SP, 09230-260",1970-01-01 00:00:00 +0000 UTC,-23.62400269508362,-46.52271211147308,"Rua Teresópolis, 190 - Jardim Santo Antônio - Santo André - SP, 09240-150",0.00,0,BRL
Sao Paulo,UberX,CANCELED,2022-02-09 12:35:15 +0000 UTC,1970-01-01 00:00:00 +0000 UTC,-23.631184,-46.523926,"Largo Santo Antônio, 116 - Jardim Santo Antônio - Santo André - SP, 09240-430",1970-01-01 00:00:00 +0000 UTC,-23.62204599380493,-46.51696872711182,"Rua das Maravilhas, 449 - Jardim das Maravilhas - Santo André - SP, 09250-000",0.00,0,BRL
Sao Paulo,UberX,COMPLETED,2021-12-07 11:31:04 +0000 UTC,2021-12-07 11:36:38 +0000 UTC,-23.512215,-46.520172,"R. Samuel Rubli, 2 - Jardim Arizona, São Paulo - SP, 03735-370, Brasil",2021-12-07 11:47:27 +0000 UTC,-23.531454,-46.529984,"R. Alvinópolis, 1439 - Vila Matilde, São Paulo - SP, 03644-070, Brasil",2.25,22.98,BRL
Sao Paulo,UberX Promo,COMPLETED,2021-10-15 13:13:10 +0000 UTC,2021-10-15 13:20:23 +0000 UTC,-23.510958,-46.550884,"Av. Gabriela Mistral, 1160 - Penha de França, São Paulo - SP, 03701-001, Brasil",2021-10-15 13:33:35 +0000 UTC,-23.51205,-46.520256,"Rua Manuel Leiroz, 20 - Vila Buenos Aires, São Paulo - SP, 37351-180, Brasil",2.79,9.9,BRL
Sao Paulo,UberX,COMPLETED,2021-10-15 12:43:04 +0000 UTC,2021-10-15 12:47:40 +0000 UTC,-23.511942,-46.520306,"Rua Manuel Leiroz, 297 - Vila Penteado, São Paulo - SP, 03735-180, Brasil",2021-10-15 12:57:14 +0000 UTC,-23.510899,-46.55088,"Av. Gabriela Mistral, 1176 - Penha de França, São Paulo - SP, 03701-001, Brasil",2.48,10.91,BRL
Sao Paulo,UberX,COMPLETED,2021-08-26 22:05:37 +0000 UTC,2021-08-26 22:13:22 +0000 UTC,-23.52418,-46.547478,"R. Dr. João Ribeiro, 313 - Penha de França, São Paulo - SP, 03634-010, Brasil",2021-08-26 22:25:15 +0000 UTC,-23.511808,-46.520287,"Rua Manuel Leiroz, 337 - Vila Buenos Aires, São Paulo - SP, 03735-180, Brasil",2.56,12.98,BRL
Sao Paulo,UberX Promo,COMPLETED,2021-08-26 21:03:00 +0000 UTC,2021-08-26 21:25:11 +0000 UTC,-23.511814,-46.520233,"Rua Manuel Leiroz, 210 - Vila Penteado, São Paulo - SP, 03735-180, Brasil",2021-08-26 21:39:54 +0000 UTC,-23.525164,-46.54618,"Penha de França, São Paulo - SP, 03634-040, Brasil",2.72,10.94,BRL
Sao Paulo,UberX,COMPLETED,2021-07-24 17:03:23 +0000 UTC,2021-07-24 17:05:45 +0000 UTC,-23.611977,-46.474598,"Av. Sapopemba, 3790 - São Mateus, São Paulo - SP, 03989-000, Brasil",2021-07-24 17:12:17 +0000 UTC,-23.630625,-46.463474,"Rua Euvaldo Loureiro Villaboim, 80 - São Rafael, São Paulo - SP, 08310-170, Brasil",1.55,10.95,BRL
Sao Paulo,UberX,CANCELED,2021-07-24 16:58:24 +0000 UTC,1970-01-01 00:00:00 +0000 UTC,-23.623003,-46.477695,"Rua Senador Filinto Müller, 42 - São Paulo - SP, 08320-110",1970-01-01 00:00:00 +0000 UTC,-23.62290322780609,-46.47479796409607,"Rua Aldeia de Santo Inácio, 272 - São Rafael - São Paulo - SP, 08320-560",0.00,0,BRL
Sao Paulo,UberX,COMPLETED,2021-07-23 14:41:50 +0000 UTC,2021-07-23 14:47:01 +0000 UTC,-23.510845,-46.5509,"Av. Gabriela Mistral, 1176 - Penha de França, São Paulo - SP, 03701-001, Brasil",2021-07-23 14:54:48 +0000 UTC,-23.526579,-46.5512,"R. Frei Germano, 83 - Penha de França, São Paulo - SP, 03604-030, Brasil",1.35,7.6,BRL
Sao Paulo,UberX,COMPLETED,2021-07-23 12:31:58 +0000 UTC,2021-07-23 12:36:09 +0000 UTC,-23.526611,-46.551174,"R. Frei Germano, 83 - Penha de França, São Paulo - SP, 03604-030, Brasil",2021-07-23 12:43:16 +0000 UTC,-23.510944,-46.550865,"Av. Gabriela Mistral, 1168 - Penha de França, São Paulo - SP, 03701-001, Brasil",1.49,7.71,BRL
Sao Paulo,UberX,CANCELED,2021-07-23 12:10:24 +0000 UTC,1970-01-01 00:00:00 +0000 UTC,-23.530285,-46.5515,"Rua Recife, 213 - Penha - São Paulo - SP, 03631-020",1970-01-01 00:00:00 +0000 UTC,-23.54632246494293,-46.57993078231812,"Avenida Salim Farah Maluf, 1850 - São Paulo - SP, 03304-090",0.00,0,BRL
Sao Paulo,UberX,COMPLETED,2021-07-17 21:58:29 +0000 UTC,2021-07-17 22:04:38 +0000 UTC,-23.510595,-46.43066,"Av. Nordestina, 3037 - Guaianases, São Paulo - SP, 08032-000, Brasil",2021-07-17 22:11:06 +0000 UTC,-23.520758,-46.42329,"R. Cambacica, 166 - Vila Curuçá Velha, São Paulo - SP, 08032-440, Brasil",1.19,11.18,BRL
Sao Paulo,UberX,COMPLETED,2021-06-19 20:55:57 +0000 UTC,2021-06-19 21:00:54 +0000 UTC,-23.521599,-46.440502,"R. Padre Antão Jorge, 228 - Vila Progresso (Zona Leste), São Paulo - SP, 08245-100, Brasil",2021-06-19 21:32:53 +0000 UTC,-23.526562,-46.551193,"Rua Frei Germano, 74 - Penha - São Paulo - SP, 03604-030",8.80,27.91,BRL
Sao Paulo,UberX,COMPLETED,2021-06-14 02:15:55 +0000 UTC,2021-06-14 02:21:58 +0000 UTC,-23.521605,-46.440426,"R. Padre Antão Jorge, 228 - Vila Progresso (Zona Leste), São Paulo - SP, 08245-100, Brasil",2021-06-14 02:40:17 +0000 UTC,-23.526676,-46.55117,"Rua Frei Germano, 74 - Penha - São Paulo - SP, 03604-030",9.05,32.98,BRL
Sao Paulo,UberX,COMPLETED,2021-05-25 01:16:22 +0000 UTC,2021-05-25 01:20:40 +0000 UTC,-23.526562,-46.55119,"Rua Frei Germano, 74 - Penha - São Paulo - SP, 03604-030",2021-05-25 01:26:00 +0000 UTC,-23.533346,-46.543274,"Penha de França, São Paulo - SP, 03638, Brasil",1.06,7.15,BRL
Sao Paulo,UberX,COMPLETED,2021-05-03 14:56:56 +0000 UTC,2021-05-03 15:00:47 +0000 UTC,-23.526403,-46.551563,"R. Comendador Cantinho, 200 - Penha de França, São Paulo - SP, 03603-020, Brasil",2021-05-03 15:07:57 +0000 UTC,-23.512947,-46.55488,"Av. Condessa Elizabeth de Robiano, 5500 - Jardim Jaú (Zona Leste), São Paulo - SP, 03707-015, Brasil",1.66,8.05,BRL
Sao Paulo,UberX,COMPLETED,2021-04-09 13:29:31 +0000 UTC,2021-04-09 13:45:39 +0000 UTC,-23.567425,-46.50449,"Av. Aricanduva, 5555 - Vila California, São Paulo - SP, 03527-906, Brasil",2021-04-09 14:08:49 +0000 UTC,-23.526663,-46.55117,"Rua Frei Germano, 74 - Penha - São Paulo - SP, 03604-030",4.68,15.48,BRL
Sao Paulo,UberX,COMPLETED,2021-04-09 11:38:27 +0000 UTC,2021-04-09 11:42:17 +0000 UTC,-23.5266,-46.55119,"Rua Frei Germano, 74 - Penha - São Paulo - SP, 03604-030",2021-04-09 12:03:08 +0000 UTC,-23.56729,-46.50458,"Av. Aricanduva, 5555 - Vila California, São Paulo - SP, 03527-906, Brasil",6.41,23.38,BRL
Sao Paulo,UberX,COMPLETED,2021-03-20 13:53:25 +0000 UTC,2021-03-20 13:57:43 +0000 UTC,-23.567354,-46.50444,"Av. Aricanduva, 5555 - Vila California, São Paulo - SP, 03527-906, Brasil",2021-03-20 14:15:43 +0000 UTC,-23.526764,-46.550835,"R. Frei Germano, 30 - Penha de França, São Paulo - SP, 03604-030, Brasil",4.71,15.17,BRL
Sao Paulo,UberX,DRIVER_CANCELED,2021-03-20 13:48:03 +0000 UTC,1970-01-01 00:00:00 +0000 UTC,-23.567114,-46.503784,"Av. Aricanduva, 5555 - Vila Aricanduva - São Paulo - SP, 03527-000",1970-01-01 00:00:00 +0000 UTC,-23.56642186641693,-46.50229501724243,"Avenida Aricanduva, 5555 - Cidade Líder - São Paulo - SP, 03571",0.00,5,BRL
Sao Paulo,UberX,COMPLETED,2021-03-20 11:57:44 +0000 UTC,2021-03-20 12:01:07 +0000 UTC,-23.526552,-46.55124,"R. Frei Germano, 83 - Penha de França, São Paulo - SP, 03604-030, Brasil",2021-03-20 12:25:26 +0000 UTC,-23.56732,-46.504578,"Av. Aricanduva, 5555 - Vila California, São Paulo - SP, 03527-906, Brasil",6.80,18.94,BRL
Sao Paulo,UberX,COMPLETED,2021-03-16 18:50:16 +0000 UTC,2021-03-16 18:52:36 +0000 UTC,-23.497185,-46.41435,"R. do Pombo Correio, 322 - Jardim dos Ipes, São Paulo - SP, 08160-142, Brasil",2021-03-16 19:00:32 +0000 UTC,-23.513208,-46.426792,"Av. Nordestina, 4004b - Vila Nova Curuca, São Paulo - SP, 08032-000, Brasil",1.98,7.92,BRL
Sao Paulo,UberX,COMPLETED,2021-03-12 13:55:13 +0000 UTC,2021-03-12 14:02:35 +0000 UTC,-23.56737,-46.50453,"Av. Aricanduva, 5555 - Vila California, São Paulo - SP, 03527-906, Brasil",2021-03-12 14:22:23 +0000 UTC,-23.526613,-46.551147,"Rua Frei Germano, 74 - Penha - São Paulo - SP, 03604-030",4.78,16.94,BRL
Sao Paulo,UberX,COMPLETED,2021-03-12 12:56:07 +0000 UTC,2021-03-12 12:59:59 +0000 UTC,-23.526625,-46.55118,"Praça Nossa Sra. da Penha, 71 - Penha de França, São Paulo - SP, 12929-471, Brasil",2021-03-12 13:40:23 +0000 UTC,-23.567432,-46.504513,"Unnamed Road - Jardim Marília, São Paulo - SP, 03456, Brasil",7.00,24.02,BRL
Brasilia,UberX Promo,COMPLETED,2021-03-11 16:07:51 +0000 UTC,2021-03-11 16:11:21 +0000 UTC,-15.831928,-48.03374,"Alameda das Acácias, 2 - Águas Claras, Brasília - DF, 71920-540, Brasil",2021-03-11 16:47:49 +0000 UTC,-15.848153,-48.114685,"St. P Qnp 20 Conjunto K, 46 - Ceilândia, Brasília - DF, 72233-011, Brasil",6.28,13.74,BRL
Sao Paulo,UberX,COMPLETED,2021-02-19 13:30:19 +0000 UTC,2021-02-19 13:33:29 +0000 UTC,-23.567396,-46.503944,"Unnamed Road - Jardim Marília, São Paulo - SP, 03456, Brasil",2021-02-19 13:53:51 +0000 UTC,-23.526493,-46.55135,"R. Frei Germano, 100 - Penha de França, São Paulo - SP, 03604-030, Brasil",5.14,16.71,BRL
Sao Paulo,UberX,COMPLETED,2021-02-19 11:30:19 +0000 UTC,2021-02-19 11:37:19 +0000 UTC,-23.526573,-46.551197,"Rua Frei Germano, 74 - Penha - São Paulo - SP, 03604-030",2021-02-19 11:59:05 +0000 UTC,-23.567307,-46.504547,"Unnamed Road - Jardim Marília, São Paulo - SP, 03456, Brasil",6.41,1.94,BRL
Brasilia,UberX,COMPLETED,2021-01-30 19:05:47 +0000 UTC,2021-01-30 19:08:04 +0000 UTC,-15.848148,-48.114666,"St. P Qnp 20 Conjunto K, 46 - Ceilândia, Brasília - DF, 72233-011, Brasil",2021-01-30 19:24:44 +0000 UTC,-15.836966,-48.04086,"R. 37 Sul, 19 - Águas Claras, Brasília - DF, 71929-540, Brasil",6.59,14.08,BRL
Sao Paulo,UberX,COMPLETED,2021-01-04 19:45:13 +0000 UTC,2021-01-04 19:47:06 +0000 UTC,-23.564144,-46.50433,"Av. Principal, 668 - Jardim Marília, São Paulo - SP, 04946-000, Brasil",2021-01-04 20:00:41 +0000 UTC,-23.526564,-46.551167,"R. Frei Germano, 76 - Penha de França, São Paulo - SP, 03604-030, Brasil",4.47,0,BRL
Sao Paulo,UberX,COMPLETED,2020-12-10 14:31:36 +0000 UTC,2020-12-10 14:36:31 +0000 UTC,-23.630651,-46.463417,"Rua Euvaldo Loureiro Villaboim, 80 - São Rafael, São Paulo - SP, 08310-170, Brasil",2020-12-10 15:06:57 +0000 UTC,-23.595762,-46.52547,"Av. Vila Ema, 6009 - Vila Ema, São Paulo - SP, 03281-001, Brasil",5.76,23.48,BRL
Sao Paulo,UberX,COMPLETED,2020-12-06 01:28:11 +0000 UTC,2020-12-06 01:41:56 +0000 UTC,-23.630592,-46.463383,"Rua Euvaldo Loureiro Villaboim, 79 - São Rafael, São Paulo - SP, 08310-170, Brasil",2020-12-06 02:14:34 +0000 UTC,-23.526556,-46.551193,"Rua Frei Germano, 74 - Penha - São Paulo - SP, 03604-030",10.85,22.4,BRL
Sao Paulo,UberX,COMPLETED,2020-11-01 15:23:58 +0000 UTC,2020-11-01 15:30:15 +0000 UTC,-23.526712,-46.551235,"R. Ambrósio Veloso, 33 - Penha de França, São Paulo - SP, 03603-050, Brasil",2020-11-01 15:37:53 +0000 UTC,-23.511873,-46.553864,"Av. Condessa Elizabeth de Robiano, 5782 - Jardim America da Penha, São Paulo - SP, 03707-015, Brasil",1.74,8.58,BRL
Sao Paulo,UberX,COMPLETED,2020-08-11 00:04:53 +0000 UTC,2020-08-11 00:09:26 +0000 UTC,-23.5265932,-46.5512121,"Praça Nossa Sra. da Penha, 71 - Penha de França, São Paulo - SP, 12929-471, Brasil",2020-08-11 00:55:30 +0000 UTC,-23.6754486,-46.6585942,"R. O Estado de São Paulo, 350 - Americanópolis, São Paulo - SP, 04429-000, Brasil",16.88,32.72,BRL
Sao Paulo,UberX,COMPLETED,2020-08-08 21:23:52 +0000 UTC,2020-08-08 21:35:28 +0000 UTC,-23.52659334563256,-46.55119163186791,"Praça Nossa Sra. da Penha, 71 - Penha de França, São Paulo - SP, 12929-471, Brasil",2020-08-08 21:55:31 +0000 UTC,-23.55193500026989,-46.61409166668012,"R. Dr. Freire, 42 - Brás, São Paulo - SP, 03101-020, Brasil",5.35,20.01,BRL
Sao Paulo,UberX,COMPLETED,2020-08-03 20:39:23 +0000 UTC,2020-08-03 20:44:44 +0000 UTC,-23.50357763386728,-46.35223321350065,"R. Tibagi, 263 - Vila Ursulina, Itaquaquecetuba - SP, 08574-290, Brasil",2020-08-03 21:16:32 +0000 UTC,-23.5131097653909,-46.4266224839111,"Av. Nordestina, 3674 - Jardim Santo Antonio, São Paulo - SP, 08032-000, Brasil",6.62,16.19,BRL
Sao Paulo,VIP,COMPLETED,2020-07-31 14:38:43 +0000 UTC,2020-07-31 14:40:54 +0000 UTC,-23.5266263,-46.5511648,"Praça Nossa Sra. da Penha, 71 - Penha de França, São Paulo - SP, 12929-471, Brasil",2020-07-31 14:53:20 +0000 UTC,-23.5132513,-46.5548266,"Av. Condessa Elizabeth de Robiano, 5500 - Jardim Jau (Zona Leste), São Paulo - SP, 03707-015, Brasil",1.69,7.2,BRL
Sao Paulo,Comfort,COMPLETED,2020-07-19 00:25:39 +0000 UTC,2020-07-19 00:33:49 +0000 UTC,-23.5134298,-46.4269467,"Rua Árvore da Cera, 141 - Jardim Santo Antonio, São Paulo - SP, 08032-270, Brasil",2020-07-19 01:03:00 +0000 UTC,-23.5265749,-46.5511449,"R. Frei Germano, 76 - Penha de França, São Paulo - SP, 03604-030, Brasil",13.86,23.43,BRL
Sao Paulo,UberX,COMPLETED,2020-07-01 17:55:56 +0000 UTC,2020-07-01 18:00:37 +0000 UTC,-23.5266117,-46.5511817,"Praça Nossa Sra. da Penha, 71 - Penha de França, São Paulo - SP, 12929-471, Brasil",2020-07-01 18:09:45 +0000 UTC,-23.5117277,-46.5540382,"Av. Condessa Elizabeth de Robiano, 5782 - Jardim America da Penha, São Paulo - SP, 03707-015, Brasil",2.18,7.23,BRL
Sao Paulo,UberX,COMPLETED,2020-06-14 01:05:04 +0000 UTC,2020-06-14 01:11:16 +0000 UTC,-23.6305934,-46.463437,"Rua Euvaldo Loureiro Villaboim, 79 - São Rafael, São Paulo - SP, 08310-170, Brasil",2020-06-14 01:42:33 +0000 UTC,-23.5265299,-46.5513466,"R. Frei Germano, 92 - Penha de França, São Paulo - SP, 03604-030, Brasil",11.13,14.89,BRL
Sao Paulo,UberX,COMPLETED,2020-05-19 00:23:43 +0000 UTC,2020-05-19 00:36:03 +0000 UTC,-23.67541,-46.65852,"Rua Cândido José Viana, 336 - Bairro Jardim Prudência - São Paulo - SP, 04405-265",2020-05-19 01:17:14 +0000 UTC,-23.52658,-46.55123,"R. Frei Germano, 76 - Penha de França, São Paulo - SP, 03604-030, Brasil",17.15,32.03,BRL
Sao Paulo,UberX,COMPLETED,2020-05-07 22:17:32 +0000 UTC,2020-05-07 22:22:45 +0000 UTC,-23.526461,-46.551441,"R. Frei Germano, 124 - Penha de França, São Paulo - SP, 03604-030, Brasil",2020-05-07 22:28:11 +0000 UTC,-23.5331665,-46.5433523,"Av. Conde de Frontin, S/N - Penha de Franca - São Paulo - SP, 03644-070",1.06,7.84,BRL
Sao Paulo,UberX,COMPLETED,2020-04-08 13:33:30 +0000 UTC,2020-04-08 13:37:12 +0000 UTC,-23.5267092,-46.550987,"R. Frei Germano, 60 - Penha de França, São Paulo - SP, 03604-030, Brasil",2020-04-08 13:47:48 +0000 UTC,-23.5117789,-46.55407,"Av. Condessa Elizabeth de Robiano, 5782 - Jardim America da Penha, São Paulo - SP, 03707-015, Brasil",2.05,10.59,BRL
Sao Paulo,UberX,COMPLETED,2020-02-09 00:55:37 +0000 UTC,2020-02-09 01:02:34 +0000 UTC,-23.6468341,-46.6410037,"Jardim Oriental, São Paulo - SP, 05263-030, Brasil",2020-02-09 01:19:20 +0000 UTC,-23.6734486,-46.6563366,"R. José Eid Maluf, 300 - Cidade Ademar, São Paulo - SP, 04405-140, Brasil",2.93,12.35,BRL
Sao Paulo,UberX,COMPLETED,2020-02-07 00:44:17 +0000 UTC,2020-02-07 00:56:42 +0000 UTC,-23.5948141,-46.6903718,"R. Funchal, 500 - Vila Olímpia, São Paulo - SP, 04551-060, Brasil",2020-02-07 01:39:34 +0000 UTC,-23.7464855,-46.703782,"Rua Giuseppe Piermarini, 451 - Jardim dos Manacas, São Paulo - SP, 04844-190, Brasil",15.01,51.53,BRL
Sao Paulo,UberX,COMPLETED,2020-01-26 00:52:09 +0000 UTC,2020-01-26 01:20:18 +0000 UTC,-23.551813,-46.6139869,"R. Dr. Freire, 38 - Brás, São Paulo - SP, 03101-020, Brasil",2020-01-26 01:41:53 +0000 UTC,-23.526679,-46.5512041,"R. Frei Germano, 83 - Penha de França, São Paulo - SP, 03604-030, Brasil",5.79,0,BRL
Sao Paulo,UberX,COMPLETED,2019-12-25 16:46:14 +0000 UTC,2019-12-25 16:53:26 +0000 UTC,-23.6467869,-46.6410692,"Rua dos jequitibas numero 101 Box 27 sala E - Jardim Oriental, São Paulo - SP, 04321-090, Brasil",2019-12-25 17:10:49 +0000 UTC,-23.6642041,-46.6913328,"Jardim Juá, São Paulo - SP, 04685-000, Brasil",4.01,36.93,BRL
Sao Paulo,UberX,COMPLETED,2019-12-18 12:48:23 +0000 UTC,2019-12-18 12:49:34 +0000 UTC,-23.5301433,-46.5330269,"R. Demini, 421 - Penha de França, São Paulo - SP, 03641-040, Brasil",2019-12-18 13:06:55 +0000 UTC,-23.5303063,-46.5329065,"R. Demini, 421 - Penha de França, São Paulo - SP, 03641-040, Brasil",3.25,17.24,BRL
Sao Paulo,UberX,COMPLETED,2019-12-18 12:32:52 +0000 UTC,2019-12-18 12:35:54 +0000 UTC,-23.5265883,-46.5511717,"Praça Nossa Sra. da Penha, 71 - Penha de França, São Paulo - SP, 12929-471, Brasil",2019-12-18 12:44:35 +0000 UTC,-23.5301371,-46.5330377,"R. Demini, 421 - Penha de França, São Paulo - SP, 03641-040, Brasil",1.59,7.63,BRL
Sao Paulo,UberX,COMPLETED,2019-12-07 20:03:04 +0000 UTC,2019-12-07 20:10:26 +0000 UTC,-23.67013,-46.5352817,"Vila Boa Vista, Santo André - SP, 09751-000, Brasil",2019-12-07 20:33:07 +0000 UTC,-23.7020217,-46.5528917,"R. João Batista de Oliveira Lima, 56 - Centro, São Bernardo do Campo - SP, 09720-060, Brasil",3.09,14.6,BRL
Sao Paulo,UberX,COMPLETED,2019-11-30 19:02:29 +0000 UTC,2019-11-30 19:12:53 +0000 UTC,-23.6754873,-46.6586877,"R. O Estado de São Paulo, 350 - Americanópolis, São Paulo - SP, 04429-000, Brasil",2019-11-30 19:28:40 +0000 UTC,-23.6469457,-46.6409185,"Jardim Oriental, São Paulo - SP, 05263-030, Brasil",3.33,0.38,BRL
Sao Paulo,UberX,COMPLETED,2019-10-14 16:55:29 +0000 UTC,2019-10-14 16:58:50 +0000 UTC,-23.5438598,-46.5895048,"Av. Alcântara Machado, 3800 - Quarta Parada, São Paulo - SP, 03302-000, Brasil",2019-10-14 17:11:58 +0000 UTC,-23.5266458,-46.5511138,"Praça Nossa Sra. da Penha, 71 - Penha de França, São Paulo - SP, 12929-471, Brasil",4.47,0,BRL
Sao Paulo,UberX,COMPLETED,2019-10-06 18:13:30 +0000 UTC,2019-10-06 18:16:55 +0000 UTC,-23.5266046,-46.5511462,"Praça Nossa Sra. da Penha, 71 - Penha de França, São Paulo - SP, 12929-471, Brasil",2019-10-06 18:26:57 +0000 UTC,-23.5118288,-46.5537717,"Av. Condessa Elizabeth de Robiano, 5782 - Jardim America da Penha, São Paulo - SP, 03707-015, Brasil",2.17,10.73,BRL
Sao Paulo,UberX,COMPLETED,2019-09-26 01:02:17 +0000 UTC,2019-09-26 01:11:56 +0000 UTC,-23.5265705,-46.5511946,"R. Frei Germano, 76 - Penha de França, São Paulo - SP, 03604-030, Brasil",2019-09-26 01:59:14 +0000 UTC,-23.6735428,-46.6561929,"R. Antônio Loti, 12 - Jardim Zaira, São Paulo - SP, 04405-230, Brasil",18.39,35.56,BRL
Sao Paulo,UberX,CANCELED,2019-09-26 00:52:10 +0000 UTC,2019-09-26 01:00:05 +0000 UTC,-23.5214777,-46.5482014,"Rua Henrique de Sousa Queirós, 93 - Penha - São Paulo - SP, 03605-020",1970-01-01 00:00:00 +0000 UTC,-23.5263756,-46.549642,"Pç. Nossa Senhora da Penha, 01 - Penha de França - São Paulo - SP, 03632-010",0.03,0,BRL
Sao Paulo,UberX,COMPLETED,2019-09-22 01:33:44 +0000 UTC,2019-09-22 01:38:35 +0000 UTC,-23.5518327,-46.6140652,"R. Dr. Freire, 38 - Brás, São Paulo - SP, 03101-020, Brasil",2019-09-22 01:57:25 +0000 UTC,-23.5265985,-46.5512116,"Praça Nossa Sra. da Penha, 71 - Penha de França, São Paulo - SP, 12929-471, Brasil",5.76,15.17,BRL
Sao Paulo,UberX,COMPLETED,2019-09-07 18:17:41 +0000 UTC,2019-09-07 18:24:36 +0000 UTC,-23.5318093,-46.6348422,"R. Ribeiro de Lima, 240 - Bom Retiro, São Paulo - SP, 01122-000, Brasil",2019-09-07 18:33:32 +0000 UTC,-23.5214942,-46.6467764,"Bom Retiro, São Paulo - SP, 01131-010, Brasil",1.65,7,BRL
Sao Paulo,Bag,CANCELED,2019-09-07 16:52:47 +0000 UTC,1970-01-01 00:00:00 +0000 UTC,-23.5219408,-46.5582523,"Pte. Aricanduva, 13 - Tatuapé, São Paulo - SP, 03090-003, Brasil",1970-01-01 00:00:00 +0000 UTC,-23.5200481,-46.5549322,"Avenida Condessa Elisabeth de Robiano, 2000 - São Paulo - SP, 03704-000",0.00,0,BRL
Sao Paulo,UberX,COMPLETED,2019-09-07 14:58:30 +0000 UTC,2019-09-07 15:02:26 +0000 UTC,-23.5267166,-46.5510785,"R. Frei Germano, 157 - Penha de França, São Paulo - SP, 03604-030, Brasil",2019-09-07 15:14:49 +0000 UTC,-23.5120052,-46.5544851,"Av. Condessa Elizabeth de Robiano, 5785 - Jardim America da Penha, São Paulo - SP, 03707-015, Brasil",2.37,10.4,BRL
Sao Paulo,UberX,COMPLETED,2019-08-24 14:45:56 +0000 UTC,2019-08-24 14:48:53 +0000 UTC,-23.5318051,-46.6351203,"R. Ribeiro de Lima, 224 - Bom Retiro, São Paulo - SP, 01122-000, Brasil",2019-08-24 14:56:27 +0000 UTC,-23.5218138,-46.6474417,"R. Sérgio Tomás, 415 - Bom Retiro, São Paulo - SP, 01131-010, Brasil",1.68,7.03,BRL
Sao Paulo,Bag,COMPLETED,2019-08-13 16:24:39 +0000 UTC,2019-08-13 16:39:44 +0000 UTC,-23.5119653,-46.5544788,"Av. Condessa Elizabeth de Robiano, 5789 - Jardim America da Penha, São Paulo - SP, 03707-015, Brasil",2019-08-13 16:50:28 +0000 UTC,-23.5265509,-46.5513143,"Condomínio Edifício Olga Charif - R. Frei Germano, 95 - Penha de França, São Paulo - SP, 03604-030, Brasil",1.62,14.32,BRL
Sao Paulo,UberX,COMPLETED,2019-08-13 15:15:13 +0000 UTC,2019-08-13 15:19:03 +0000 UTC,-23.5267603,-46.5512156,"R. Ambrósio Veloso, 30 - Penha de França, São Paulo - SP, 03603-050, Brasil",2019-08-13 15:28:13 +0000 UTC,-23.5116859,-46.5542736,"Av. Condessa Elisabeth de Robiano Bloco A, 5500 - Jd. América da Penha - São Paulo - SP, 03704-900",2.11,10.36,BRL
Sao Paulo,UberX,COMPLETED,2019-08-11 19:21:54 +0000 UTC,2019-08-11 19:41:45 +0000 UTC,-23.6945464,-46.6755272,"R. Antônio do Campo, 120 - Pedreira, São Paulo - SP, 04459-000, Brasil",2019-08-11 20:06:40 +0000 UTC,-23.6468561,-46.640959,"Jardim Oriental, São Paulo - SP, 05263-030, Brasil",5.28,0,BRL
Sao Paulo,UberX,COMPLETED,2019-07-07 19:08:10 +0000 UTC,2019-07-07 19:15:04 +0000 UTC,-23.6752383,-46.6579983,"- Vila Marari - São Paulo - SP, 04405",2019-07-07 19:28:40 +0000 UTC,-23.6468361,-46.6409756,"Jardim Oriental, São Paulo - SP, 05263-030, Brasil",2.89,0,BRL
Sao Paulo,UberX,COMPLETED,2019-07-03 17:27:06 +0000 UTC,2019-07-03 17:29:20 +0000 UTC,-23.5266,-46.551185,"Praça Nossa Sra. da Penha, 71 - Penha de França, São Paulo - SP, 12929-471, Brasil",2019-07-03 17:38:37 +0000 UTC,-23.5398556,-46.5761875,"Tatuapé, São Paulo - SP, 03306-015, Brasil",2.32,9.11,BRL
Sao Paulo,UberX,COMPLETED,2019-05-25 23:21:45 +0000 UTC,2019-05-25 23:33:53 +0000 UTC,-23.5518841,-46.6140525,"R. Dr. Freire, 38 - Brás, São Paulo - SP, 03101-020, Brasil",2019-05-25 23:50:41 +0000 UTC,-23.5265446,-46.5513393,"Condomínio Edifício Olga Charif - R. Frei Germano, 95 - Penha de França, São Paulo - SP, 03604-030, Brasil",5.75,19.06,BRL
Sao Paulo,UberX,COMPLETED,2019-05-25 20:31:15 +0000 UTC,2019-05-25 20:35:55 +0000 UTC,-23.5266366,-46.5511768,"Praça Nossa Sra. da Penha, 71 - Penha de França, São Paulo - SP, 12929-471, Brasil",2019-05-25 20:58:05 +0000 UTC,-23.5518057,-46.6140595,"R. Dr. Freire, 38 - Brás, São Paulo - SP, 03101-020, Brasil",5.95,18.17,BRL
Sao Paulo,UberX,COMPLETED,2019-05-23 23:02:53 +0000 UTC,2019-05-23 23:07:17 +0000 UTC,-23.5357754,-46.5427011,"R. Dr. Suzano Brandão, 500 - Vila Aricanduva, São Paulo - SP, 03502-000, Brasil",2019-05-23 23:15:00 +0000 UTC,-23.5265802,-46.5512077,"Praça Nossa Sra. da Penha, 71 - Penha de França, São Paulo - SP, 12929-471, Brasil",1.67,6.9,BRL
Sao Paulo,UberX,COMPLETED,2019-05-23 08:26:10 +0000 UTC,2019-05-23 08:29:10 +0000 UTC,-23.5266054,-46.5511656,"Praça Nossa Sra. da Penha, 71 - Penha de França, São Paulo - SP, 12929-471, Brasil",2019-05-23 08:40:58 +0000 UTC,-23.5357591,-46.5426212,"R. Dr. Suzano Brandão, 520 - Vila Aricanduva, São Paulo - SP, 03502-000, Brasil",3.39,11.04,BRL
Sao Paulo,UberX,CANCELED,2019-05-23 08:17:44 +0000 UTC,1970-01-01 00:00:00 +0000 UTC,-23.53365,-46.54874,"Rua Aracati, 275 - Penha - São Paulo - SP, 03630-900",1970-01-01 00:00:00 +0000 UTC,-23.52325321198331,-46.56637140188018,"Avenida Morvan Dias de Figueiredo, 7035 - Vila Maria - São Paulo - SP, 02180",0.00,0,BRL
Sao Paulo,UberX,COMPLETED,2019-05-20 20:57:49 +0000 UTC,2019-05-20 21:00:37 +0000 UTC,-23.54522,-46.5898534,"Rua Padre Adelino, 415 - São Paulo - SP, 03303-000",2019-05-20 21:19:23 +0000 UTC,-23.5265118,-46.5513473,"R. Frei Germano, 92 - Penha de França, São Paulo - SP, 03604-030, Brasil",4.16,17.36,BRL
Sao Paulo,UberX,COMPLETED,2019-05-20 08:05:39 +0000 UTC,2019-05-20 08:11:10 +0000 UTC,-23.526523,-46.5513141,"R. Frei Germano, 92 - Penha de França, São Paulo - SP, 03604-030, Brasil",2019-05-20 08:25:24 +0000 UTC,-23.5452253,-46.5898216,"R. Padre Adelino, 450 - Belenzinho, São Paulo - SP, 03303-000, Brasil",4.85,13.63,BRL
Sao Paulo,UberX,COMPLETED,2019-05-08 18:02:03 +0000 UTC,2019-05-08 18:04:02 +0000 UTC,-23.5247738,-46.5308443,"R. Jorge Augusto, 259 - Vila Centenario, São Paulo - SP, 03645-000, Brasil",2019-05-08 18:13:47 +0000 UTC,-23.5266214,-46.5511523,"Praça Nossa Sra. da Penha, 71 - Penha de França, São Paulo - SP, 12929-471, Brasil",2.46,10.43,BRL
Sao Paulo,UberX,COMPLETED,2019-05-08 17:33:00 +0000 UTC,2019-05-08 17:34:04 +0000 UTC,-23.5265917,-46.5493217,"R. Dr. João Ribeiro, 150 - Penha de França, São Paulo - SP, 12929-471, Brasil",2019-05-08 17:41:55 +0000 UTC,-23.5248716,-46.5308232,"R. Jorge Augusto, 275 - Vila Centenario, São Paulo - SP, 03645-000, Brasil",1.52,7.83,BRL
Sao Paulo,UberX,COMPLETED,2019-05-06 08:12:14 +0000 UTC,2019-05-06 08:16:46 +0000 UTC,-23.5265834,-46.5512553,"R. Frei Germano, 83 - Penha de França, São Paulo - SP, 03604-030, Brasil",2019-05-06 08:26:42 +0000 UTC,-23.5403284,-46.5732016,"R. Visc. de Itaboraí, 60 - Vila Azevedo, São Paulo - SP, 03308-050, Brasil",2.79,12.39,BRL
Sao Paulo,UberX,COMPLETED,2019-05-04 21:56:17 +0000 UTC,2019-05-04 21:58:30 +0000 UTC,-23.5408126,-46.5748446,"Vila Azevedo, São Paulo - SP, 03308-020, Brasil",2019-05-04 22:15:51 +0000 UTC,-23.5265534,-46.5511875,"R. Frei Germano, 76 - Penha de França, São Paulo - SP, 03604-030, Brasil",3.15,9.27,BRL
Sao Paulo,UberX,COMPLETED,2019-05-03 21:36:43 +0000 UTC,2019-05-03 21:43:56 +0000 UTC,-23.5266153,-46.5511964,"Praça Nossa Sra. da Penha, 71 - Penha de França, São Paulo - SP, 12929-471, Brasil",2019-05-03 22:00:15 +0000 UTC,-23.5403433,-46.5732573,"R. Visc. de Itaboraí, 60 - Vila Azevedo, São Paulo - SP, 03308-050, Brasil",2.90,8.12,BRL
Sao Paulo,UberX,COMPLETED,2019-03-17 02:13:39 +0000 UTC,2019-03-17 02:19:53 +0000 UTC,-23.5519168,-46.6140843,"R. Dr. Freire, 42 - Brás, São Paulo - SP, 03101-020, Brasil",2019-03-17 02:39:24 +0000 UTC,-23.5265384,-46.5512617,"R. Frei Germano, 83 - Penha de França, São Paulo - SP, 03604-030, Brasil",5.96,21.28,BRL
Sao Paulo,UberX,COMPLETED,2019-02-25 02:21:14 +0000 UTC,2019-02-25 02:26:31 +0000 UTC,-23.5383788,-46.5636377,"Vila Gomes Cardim, São Paulo - SP, 03314-030, Brasil",2019-02-25 02:56:24 +0000 UTC,-23.6330446,-46.4676111,"R. Lourenço Leite Penteado, 515 - Parque Sao Rafael, São Paulo - SP, 08311-170, Brasil",10.52,15.92,BRL
Sao Paulo,UberX,COMPLETED,2019-02-17 20:46:39 +0000 UTC,2019-02-17 20:49:59 +0000 UTC,-23.5981638,-46.6368,"R. Domingos de Morais, 2564 - Vila Mariana, São Paulo - SP, 04036-100, Brasil",2019-02-17 21:08:59 +0000 UTC,-23.5674883,-46.614375,"R. da Independência, 850 - Ipiranga, São Paulo - SP, 01548-000, Brasil",3.56,13.79,BRL
Sao Paulo,UberX,COMPLETED,2019-02-11 12:56:05 +0000 UTC,2019-02-11 12:59:00 +0000 UTC,-23.519933,-46.8342518,"SP-312, 282 - Jardim Pignatary, Carapicuíba - SP, 06310-240, Brasil",2019-02-11 13:06:04 +0000 UTC,-23.5052357,-46.8385394,"Av. Marcos Penteado de Ulhoa Rodrigues, 26a - Tamboré, Barueri - SP, 06460-040, Brasil",1.94,9.85,BRL
Sao Paulo,UberX,COMPLETED,2019-02-03 13:33:55 +0000 UTC,2019-02-03 13:36:51 +0000 UTC,-23.4710707,-46.5303553,"R. Dr. Ramos de Azevedo, 90 - Centro, Guarulhos - SP, 07012-020, Brasil",2019-02-03 13:55:27 +0000 UTC,-23.4799803,-46.6021959,"Vila Gustavo, São Paulo - SP, 02267-000, Brasil",7.36,23.45,BRL
Sao Paulo,UberX,COMPLETED,2019-02-03 01:12:35 +0000 UTC,2019-02-03 01:22:16 +0000 UTC,-23.4461024,-46.563322,"R. Sd. Francisco Gomes de Souza, 39 - Vila Rosalia, Guarulhos - SP, 07073-120, Brasil",2019-02-03 01:39:38 +0000 UTC,-23.471188,-46.530368,"R. Dr. Ramos de Azevedo, 100 - Centro, Guarulhos - SP, 07012-020, Brasil",3.92,14.97,BRL
Sao Paulo,UberX,COMPLETED,2019-02-02 20:09:04 +0000 UTC,2019-02-02 20:10:19 +0000 UTC,-23.48018,-46.6037339,"Av. Dr. Antônio Maria Laet, 138 - Parada Inglesa, São Paulo - SP, 02307, Brasil",2019-02-02 20:38:40 +0000 UTC,-23.4543617,-46.5316086,"Cidade Maia, Guarulhos - SP, 07114-103, Brasil",6.27,27.47,BRL
Sao Paulo,UberX,COMPLETED,2019-02-02 18:31:29 +0000 UTC,2019-02-02 18:35:39 +0000 UTC,-23.6331437,-46.4677149,"R. Lourenço Leite Penteado, 494 - Parque Sao Rafael, São Paulo - SP, 08311-170, Brasil",2019-02-02 19:12:22 +0000 UTC,-23.5391054,-46.5651162,"R. Apucarana, 60 - Tatuapé, São Paulo - SP, 03311-000, Brasil",11.71,42.7,BRL
Sao Paulo,UberX,COMPLETED,2019-02-01 19:17:50 +0000 UTC,2019-02-01 19:35:30 +0000 UTC,-23.6330981,-46.4678534,"R. Francisco Lôbo, 189 - Parque Sao Rafael, São Paulo - SP, 08311-140, Brasil",2019-02-01 20:23:25 +0000 UTC,-23.5134631,-46.4262318,"270 - Vila Curuçá Velha, São Paulo - SP, 08032-000, Brasil",12.47,44.76,BRL
Sao Paulo,UberX,COMPLETED,2019-01-31 20:44:12 +0000 UTC,2019-01-31 20:46:54 +0000 UTC,-23.5234204,-46.4182338,"Av. Nordestina, 5127 - Parque Guaianazes, São Paulo - SP, 08032-000, Brasil",2019-01-31 21:26:16 +0000 UTC,-23.6330772,-46.4677281,"R. Lourenço Leite Penteado, 494a - Parque Sao Rafael, São Paulo - SP, 08311-170, Brasil",11.58,41.66,BRL
Sao Paulo,UberX,COMPLETED,2019-01-31 15:20:05 +0000 UTC,2019-01-31 15:25:44 +0000 UTC,-23.5041388,-46.4335179,"R. Mohamed Ibrahin Saleh, 462 - Cidade Nova São Miguel, São Paulo - SP, 08042-290, Brasil",2019-01-31 15:33:47 +0000 UTC,-23.523462,-46.4182535,"Av. Nordestina, 5127 - Parque Guaianazes, São Paulo - SP, 08032-000, Brasil",1.98,9.19,BRL
Sao Paulo,UberX,COMPLETED,2019-01-31 14:29:51 +0000 UTC,2019-01-31 14:37:06 +0000 UTC,-23.6331643,-46.467768,"R. Lourenço Leite Penteado, 494 - Parque Sao Rafael, São Paulo - SP, 08311-170, Brasil",2019-01-31 15:12:19 +0000 UTC,-23.5045952,-46.4347537,"R. Mohamad Ibrahim Saleh, 62 - Cidade Nova São Miguel, São Paulo - SP, 08042-130, Brasil",11.90,42.77,BRL
Sao Paulo,UberX,COMPLETED,2019-01-29 12:47:50 +0000 UTC,2019-01-29 12:50:41 +0000 UTC,-23.4960787,-46.4290524,"R. Gastão Lopes Leal, 492 - Jardim Sao Vicente, São Paulo - SP, 08021-640, Brasil",2019-01-29 13:02:27 +0000 UTC,-23.5233859,-46.4182466,"Av. Nordestina, 5127 - Parque Guaianazes, São Paulo - SP, 08032-000, Brasil",2.57,11.23,BRL
Sao Paulo,UberX,COMPLETED,2019-01-28 13:09:28 +0000 UTC,2019-01-28 13:13:05 +0000 UTC,-23.5245023,-46.4315715,"Av. Coroa de Frade, 21 - Jardim Ubirajara (Zona Leste), São Paulo - SP, 08245-470, Brasil",2019-01-28 13:18:30 +0000 UTC,-23.52354,-46.4181667,"Av. Nordestina, 5229 - Parque Guaianazes, São Paulo - SP, 08431-410, Brasil",1.08,7.9,BRL
Sao Paulo,UberX,COMPLETED,2019-01-28 12:40:47 +0000 UTC,2019-01-28 12:43:17 +0000 UTC,-23.5276989,-46.4197745,"R. Aldeia dos Machacalis, 213 - Jardim Etelvina, São Paulo - SP, 08430-430, Brasil",2019-01-28 12:49:48 +0000 UTC,-23.5244288,-46.430157,"R. Santa Etelvina, 833 - Jardim Etelvina, São Paulo - SP, 08430-020, Brasil",1.22,7.87,BRL
Sao Paulo,UberX,COMPLETED,2019-01-28 11:12:17 +0000 UTC,2019-01-28 11:19:25 +0000 UTC,-23.5133086,-46.4267088,"Rua Árvore da Cera, 1 - Vila Curuçá Velha, São Paulo - SP, 08032-270, Brasil",2019-01-28 11:23:55 +0000 UTC,-23.5233155,-46.4178182,"R. Jabiru, 1128 - Parque Guaianazes, São Paulo - SP, 84314-430, Brasil",1.03,7.87,BRL
Sao Paulo,UberX,COMPLETED,2019-01-28 10:04:54 +0000 UTC,2019-01-28 10:06:52 +0000 UTC,-23.6331211,-46.4677211,"R. Lourenço Leite Penteado, 494a - Parque Sao Rafael, São Paulo - SP, 08311-170, Brasil",2019-01-28 10:41:04 +0000 UTC,-23.5132435,-46.4267479,"Av. Nordestina, 3674 - Jardim Santo Antonio, São Paulo - SP, 08032-000, Brasil",11.78,21.25,BRL
Sao Paulo,UberX,DRIVER_CANCELED,2019-01-25 23:20:24 +0000 UTC,1970-01-01 00:00:00 +0000 UTC,-23.664625,-46.655535,"Rua Eduardo de Sá, 168 - São Paulo - São Paulo - SP, 04385-050",1970-01-01 00:00:00 +0000 UTC,-23.666595,-46.65512,"Avenida Cupecê, 3117 - Bairro Jardim Prudência - São Paulo - SP, 04365-001",0.00,7,BRL
Sao Paulo,UberX,COMPLETED,2019-01-25 19:15:49 +0000 UTC,2019-01-25 19:18:01 +0000 UTC,-23.6354865,-46.6410036,"R. Guatapara, 919 - Jabaquara, São Paulo - SP, 04310-040, Brasil",2019-01-25 19:34:35 +0000 UTC,-23.6690558,-46.6562621,"R. Prof. Pedro de Alcântara Machado, 69 - Vila Imperio, São Paulo - SP, 04406-120, Brasil",3.41,15.4,BRL
Sao Paulo,UberX,COMPLETED,2019-01-19 17:50:35 +0000 UTC,2019-01-19 17:55:15 +0000 UTC,-23.48019,-46.60408,"Av. Dr. Antônio Maria Laet, 109 - Parada Inglesa, São Paulo - SP, 02240-000, Brasil",2019-01-19 18:24:15 +0000 UTC,-23.45546,-46.48595,"Av. Monteiro Lobato, 4552 - Aeroporto, Guarulhos - SP, 07180-000, Brasil",11.28,45.03,BRL
Santos,UberX,COMPLETED,2019-01-04 19:38:41 +0000 UTC,2019-01-04 19:44:19 +0000 UTC,-23.99912,-46.41392,"Sítio do Campo, Praia Grande - SP, 11723-000, Brasil",2019-01-04 19:54:33 +0000 UTC,-24.013656,-46.4270238,"R. Honduras, 134 - Guilhermina, Praia Grande - SP, 11702-060, Brasil",1.96,9.65,BRL
Santos,UberX,DRIVER_CANCELED,2019-01-04 19:30:29 +0000 UTC,1970-01-01 00:00:00 +0000 UTC,-23.9980775,-46.4136614,"Avenida Ministro Marcos Freire & Avenida do Trabalhador - Sítio do Campo - Praia Grande - SP, 11724",1970-01-01 00:00:00 +0000 UTC,-23.998538,-46.4144609,"Av. Min. Marcos Freire - Sítio do Campo - Praia Grande - SP, 11724-000",0.00,0,BRL
Rio de Janeiro,UberX,COMPLETED,2018-12-23 23:15:28 +0000 UTC,2018-12-23 23:24:32 +0000 UTC,-22.9835591,-43.1958801,"Rua Antônio Parreiras, 60 - Ipanema - Rio de Janeiro - RJ, 22411-020",2018-12-23 23:51:06 +0000 UTC,-22.8991486,-43.2097845,"Embarque - Santo Cristo, Rio de Janeiro - RJ, 20220-310, Brasil",7.72,31.07,BRL
Sao Paulo,UberX,COMPLETED,2018-12-15 20:31:50 +0000 UTC,2018-12-15 20:38:47 +0000 UTC,-23.6331503,-46.4677502,"R. Lourenço Leite Penteado, 494a - Parque Sao Rafael, São Paulo - SP, 08311-170, Brasil",2018-12-15 21:34:17 +0000 UTC,-23.5133772,-46.4259608,"Av. Nordestina, 3769 - Vila Nova Curuca, São Paulo - SP, 08032-000, Brasil",11.74,66.69,BRL
Sao Paulo,UberX,COMPLETED,2018-12-10 21:54:15 +0000 UTC,2018-12-10 22:02:20 +0000 UTC,-23.6330773,-46.4677089,"R. Lourenço Leite Penteado, 494a - Parque Sao Rafael, São Paulo - SP, 08311-170, Brasil",2018-12-10 22:28:35 +0000 UTC,-23.5164972,-46.4485871,"R. Flor do Japão, 373 - Vila Verde, São Paulo - SP, 08235-080, Brasil",10.38,36.02,BRL
Sao Paulo,UberX,COMPLETED,2018-12-07 20:15:04 +0000 UTC,2018-12-07 20:29:53 +0000 UTC,-23.5215362,-46.4403969,"R. Padre Antão Jorge, 233 - Vila Progresso (Zona Leste), São Paulo - SP, 08245-100, Brasil",2018-12-07 21:16:38 +0000 UTC,-23.6331279,-46.467688,"R. Lourenço Leite Penteado, 494a - Parque Sao Rafael, São Paulo - SP, 08311-170, Brasil",10.00,38.25,BRL
Rio de Janeiro,UberX,COMPLETED,2018-12-03 00:52:56 +0000 UTC,2018-12-03 00:57:22 +0000 UTC,-22.9840092,-43.196257,"R. Antônio Parreiras, 69 - Ipanema, Rio de Janeiro - RJ, 22411-020, Brasil",2018-12-03 01:16:49 +0000 UTC,-22.8989857,-43.2097904,"Av. Francisco Bicalho, 1 - Santo Cristo, Rio de Janeiro - RJ, 20220-310, Brasil",8.00,48.53,BRL
Sao Paulo,UberX,COMPLETED,2018-11-18 19:20:21 +0000 UTC,2018-11-18 19:23:32 +0000 UTC,-23.6265339,-46.659555,"Praça Comandante Linneu Gomes, 270 - Santo Amaro, São Paulo - SP, 04626-911, Brasil",2018-11-18 20:11:45 +0000 UTC,-23.633155,-46.467759,"R. Lourenço Leite Penteado, 494a - Parque Sao Rafael, São Paulo - SP, 08311-170, Brasil",18.66,47.45,BRL
Sao Paulo,UberX,COMPLETED,2018-11-17 23:19:11 +0000 UTC,2018-11-17 23:20:52 +0000 UTC,-23.5428269,-46.4700641,"Cidade Antônio Estêvão de Carvalho, São Paulo - SP, 08210, Brasil",2018-11-18 00:09:34 +0000 UTC,-23.6330956,-46.4677314,"R. Lourenço Leite Penteado, 494a - Parque Sao Rafael, São Paulo - SP, 08311-170, Brasil",11.77,17.43,BRL
Sao Paulo,UberX,COMPLETED,2018-11-17 19:09:22 +0000 UTC,2018-11-17 19:19:22 +0000 UTC,-23.6306272,-46.4634544,"Rua Euvaldo Loureiro Villaboim, 80 - São Rafael, São Paulo - SP, 08310-170, Brasil",2018-11-17 19:53:34 +0000 UTC,-23.5433537,-46.4732076,"R. Dr. Luís Aires, 3344 - Parque Artur Alvim, São Paulo - SP, 03568, Brasil",9.45,15.5,BRL
Sao Paulo,UberX,CANCELED,2018-11-17 19:05:38 +0000 UTC,1970-01-01 00:00:00 +0000 UTC,,,,1970-01-01 00:00:00 +0000 UTC,,,,0.00,0,BRL
Sao Paulo,UberX,COMPLETED,2018-11-16 17:47:18 +0000 UTC,2018-11-16 17:49:38 +0000 UTC,-23.6264967,-46.65958,"Praça Comandante Linneu Gomes, 270 - Santo Amaro, São Paulo - SP, 04626-911, Brasil",2018-11-16 18:54:21 +0000 UTC,-23.63315,-46.4677617,"R. Lourenço Leite Penteado, 494a - Parque Sao Rafael, São Paulo - SP, 08311-170, Brasil",31.80,83.87,BRL
Rio de Janeiro,UberX,COMPLETED,2018-11-04 23:08:09 +0000 UTC,2018-11-04 23:11:26 +0000 UTC,-22.9836338,-43.1959322,"Condomimio Edifício Antônio Parreiras - R. Antônio Parreiras, 56 - Ipanema, Rio de Janeiro - RJ, 22411-020, Brasil",2018-11-04 23:41:33 +0000 UTC,-22.8991479,-43.2097691,"Embarque - Santo Cristo, Rio de Janeiro - RJ, 20220-310, Brasil",8.24,25.15,BRL
Rio de Janeiro,UberX,COMPLETED,2018-10-22 00:30:36 +0000 UTC,2018-10-22 00:34:54 +0000 UTC,-22.9838223,-43.1966354,"Condomínio do Edifício Solar Visconde de Piraja - R. Jangadeiros, 15 - Ipanema, Rio de Janeiro - RJ, 22420-010, Brasil",2018-10-22 01:00:16 +0000 UTC,-22.8996333,-43.209815,"Av. Francisco Bicalho, 1 - Santo Cristo, Rio de Janeiro - RJ, 20220-310, Brasil",8.83,26.21,BRL
Sao Paulo,UberX,COMPLETED,2018-10-14 20:11:24 +0000 UTC,2018-10-14 20:29:55 +0000 UTC,-23.6263389,-46.6598712,"Praça Comandante Linneu Gomes, 367 - Santo Amaro, São Paulo - SP, 04626-911, Brasil",2018-10-14 21:17:18 +0000 UTC,-23.6331249,-46.4676843,"R. Lourenço Leite Penteado, 494a - Parque Sao Rafael, São Paulo - SP, 08311-170, Brasil",18.40,66.64,BRL
Sao Paulo,UberX,COMPLETED,2018-10-13 22:21:33 +0000 UTC,2018-10-13 22:30:43 +0000 UTC,-23.5117848,-46.6128148,"Rua José Bernardo Pinto, 11 - Vila Guilherme, São Paulo - SP, 02055-000, Brasil",2018-10-13 23:21:04 +0000 UTC,-23.6330634,-46.4676473,"R. Lourenço Leite Penteado, 494a - Parque Sao Rafael, São Paulo - SP, 08311-170, Brasil",16.50,57.94,BRL
Sao Paulo,UberX,COMPLETED,2018-10-13 15:43:29 +0000 UTC,2018-10-13 15:52:11 +0000 UTC,-23.633135,-46.4677175,"R. Lourenço Leite Penteado, 494a - Parque Sao Rafael, São Paulo - SP, 08311-170, Brasil",2018-10-13 16:55:50 +0000 UTC,-23.5095686,-46.6155424,"Carandiru, São Paulo - SP, 02049-000, Brasil",27.33,57.96,BRL
Sao Paulo,UberX,COMPLETED,2018-10-11 23:55:02 +0000 UTC,2018-10-12 00:14:47 +0000 UTC,-23.5441573,-46.6346612,"R. Líbero Badaró, 635 - Centro Histórico de São Paulo, São Paulo - SP, 01029-010, Brasil",2018-10-12 01:21:10 +0000 UTC,-23.6331405,-46.467686,"R. Lourenço Leite Penteado, 494a - Parque Sao Rafael, São Paulo - SP, 08311-170, Brasil",18.32,64.09,BRL
Rio de Janeiro,UberX,COMPLETED,2018-10-01 02:28:46 +0000 UTC,2018-10-01 02:33:34 +0000 UTC,-22.9837689,-43.1959296,"R. Antônio Parreiras, 69 - Ipanema, Rio de Janeiro - RJ, 22411-020, Brasil",2018-10-01 02:47:56 +0000 UTC,-22.8992423,-43.2098515,"Embarque - Santo Cristo, Rio de Janeiro - RJ, 20220-310, Brasil",7.78,26.53,BRL
Sao Paulo,UberX,COMPLETED,2018-09-09 19:06:57 +0000 UTC,2018-09-09 19:14:28 +0000 UTC,-23.6262386,-46.6599751,"Praça Comandante Linneu Gomes, 368 - Santo Amaro, São Paulo - SP, 04626-911, Brasil",2018-09-09 20:03:11 +0000 UTC,-23.6331333,-46.4677,"R. Lourenço Leite Penteado, 494a - Parque Sao Rafael, São Paulo - SP, 08311-170, Brasil",18.91,62.41,BRL
Sao Paulo,UberX,CANCELED,2018-09-09 19:06:05 +0000 UTC,1970-01-01 00:00:00 +0000 UTC,,,,1970-01-01 00:00:00 +0000 UTC,,,,0.00,0,BRL
Sao Paulo,UberX,COMPLETED,2018-09-09 17:05:09 +0000 UTC,2018-09-09 17:08:49 +0000 UTC,-23.63311,-46.4676896,"R. Lourenço Leite Penteado, 494a - Parque Sao Rafael, São Paulo - SP, 08311-170, Brasil",2018-09-09 18:08:09 +0000 UTC,-23.6265401,-46.6595682,"Praça Comandante Linneu Gomes, 270 - Santo Amaro, São Paulo - SP, 04626-911, Brasil",22.59,93.05,BRL
Sao Paulo,UberX,COMPLETED,2018-09-07 21:35:21 +0000 UTC,2018-09-07 21:45:38 +0000 UTC,-23.5642133,-46.6528655,"Av. Paulista, 1104 - Bela Vista, São Paulo - SP, 01310-100, Brasil",2018-09-07 22:47:48 +0000 UTC,-23.6330777,-46.4677672,"R. Lourenço Leite Penteado, 493 - Parque Sao Rafael, São Paulo - SP, 08311-170, Brasil",18.25,67.1,BRL
Rio de Janeiro,UberX,COMPLETED,2018-08-20 01:48:46 +0000 UTC,2018-08-20 01:55:21 +0000 UTC,-22.9837249,-43.1961085,"R. Antônio Parreiras, 126 - Ipanema, Rio de Janeiro - RJ, 22411-020, Brasil",2018-08-20 02:12:02 +0000 UTC,-22.8990948,-43.2098553,"Av. Francisco Bicalho, 1 - Santo Cristo, Rio de Janeiro - RJ, 20220-310, Brasil",7.35,29.41,BRL
Sao Paulo,UberX,COMPLETED,2018-08-05 20:37:37 +0000 UTC,2018-08-05 20:41:48 +0000 UTC,-23.6263588,-46.6597641,"Praça Comandante Linneu Gomes, 368 - Santo Amaro, São Paulo - SP, 04626-911, Brasil",2018-08-05 21:39:05 +0000 UTC,-23.6336947,-46.4677277,"Rua Dom Giocondo Grotti, 418 - Parque Sao Rafael, São Paulo - SP, 08311-120, Brasil",17.96,62.99,BRL
Rio de Janeiro,UberX,COMPLETED,2018-07-23 01:45:18 +0000 UTC,2018-07-23 01:52:01 +0000 UTC,-22.9838842,-43.195917,"R. Antônio Parreiras, 67 - Ipanema, Rio de Janeiro - RJ, 22411-020, Brasil",2018-07-23 02:15:02 +0000 UTC,-22.8987053,-43.2101625,"Av. Rodrigues Alves, 114 - Saúde, Rio de Janeiro - RJ, 20220, Brasil",9.23,31.66,BRL
Sao Paulo,UberX,COMPLETED,2018-07-09 01:26:17 +0000 UTC,2018-07-09 01:31:39 +0000 UTC,-23.5216342,-46.440362,"R. Padre Antão Jorge, 246 - Vila Progresso (Zona Leste), São Paulo - SP, 08245-100, Brasil",2018-07-09 02:01:06 +0000 UTC,-23.6330963,-46.4678225,"R. Lourenço Leite Penteado, 493 - Parque Sao Rafael, São Paulo - SP, 08311-170, Brasil",10.11,40.8,BRL
Rio de Janeiro,UberX,COMPLETED,2018-07-02 01:36:21 +0000 UTC,2018-07-02 01:40:22 +0000 UTC,-22.983741,-43.1959794,"R. Antônio Parreiras, 100 - Ipanema, Rio de Janeiro - RJ, 22411-020, Brasil",2018-07-02 01:58:13 +0000 UTC,-22.8992215,-43.2098319,"Embarque - Santo Cristo, Rio de Janeiro - RJ, 20220-310, Brasil",8.22,29.73,BRL
Sao Paulo,uberX,COMPLETED,2018-06-03 19:49:16 +0000 UTC,2018-06-03 19:52:11 +0000 UTC,-23.6262349,-46.6599367,"Praça Comandante Linneu Gomes, 368-398 - Santo Amaro, São Paulo - SP, 04626-911, Brasil",2018-06-03 20:36:06 +0000 UTC,-23.6331564,-46.4676905,"R. Lourenço Leite Penteado, 494a - Parque Sao Rafael, São Paulo - SP, 08311-170, Brasil",18.01,59.27,BRL
Rio de Janeiro,uberX,COMPLETED,2018-05-21 00:40:12 +0000 UTC,2018-05-21 00:41:49 +0000 UTC,-22.98386,-43.1959713,"R. Antônio Parreiras, 69 - Ipanema, Rio de Janeiro - RJ, 22411-020, Brasil",2018-05-21 00:59:27 +0000 UTC,-22.899786,-43.2098737,"Av. Francisco Bicalho, 142 - Santo Cristo, Rio de Janeiro - RJ, 20220-250, Brasil",7.43,28.63,BRL
Rio de Janeiro,uberX,DRIVER_CANCELED,2018-05-21 00:32:27 +0000 UTC,1970-01-01 00:00:00 +0000 UTC,-22.9842635,-43.1944296,"Rua Gomes Carneiro, 138 - Ipanema - Rio de Janeiro - RJ, 22071-110",1970-01-01 00:00:00 +0000 UTC,-22.9845164,-43.1936568,"Rua Bulhões Carvalho, 355 - Rio de Janeiro - Rio de Janeiro - RJ, 22081-000",0.00,0,BRL
Sao Paulo,uberX,COMPLETED,2018-05-03 19:22:40 +0000 UTC,2018-05-03 19:27:40 +0000 UTC,-23.5074736,-46.4521608,"R. Flôr de Natal, 48 - Vila Jacuí, São Paulo - SP, 08050-230, Brasil",2018-05-03 19:44:47 +0000 UTC,-23.5141326,-46.428821,"R. Nossa Sra. dos Remédios, 12 - Jardim Santo Antonio, São Paulo - SP, 08032-180, Brasil",2.43,11.34,BRL
Sao Paulo,uberX,COMPLETED,2018-05-01 20:21:30 +0000 UTC,2018-05-01 20:30:44 +0000 UTC,-23.6271447,-46.6593473,"Praça Comandante Linneu Gomes, 270 - Santo Amaro, São Paulo - SP, 04626-911, Brasil",2018-05-01 20:53:01 +0000 UTC,-23.5437705,-46.5889066,"Av. Alcântara Machado, 3852 - Brás, São Paulo - SP, 03302-000, Brasil",8.91,35.47,BRL
Sao Paulo,uberX,COMPLETED,2018-04-28 18:10:51 +0000 UTC,2018-04-28 18:16:25 +0000 UTC,-23.6330911,-46.4677007,"R. Lourenço Leite Penteado, 499 - Parque Sao Rafael, São Paulo - SP, 08311-170, Brasil",2018-04-28 18:43:26 +0000 UTC,-23.563649,-46.5025737,"Av. Principal, 416 - Jardim Marília, São Paulo - SP, 04946-000, Brasil",7.49,27.67,BRL
Sao Paulo,uberX,COMPLETED,2018-04-27 23:34:01 +0000 UTC,2018-04-27 23:46:47 +0000 UTC,-23.6265894,-46.6598258,"Praça Comandante Linneu Gomes, 540 - Santo Amaro, São Paulo - SP, 04626-911, Brasil",2018-04-28 00:30:44 +0000 UTC,-23.5380297,-46.5626619,"R. Melo Freire, 3560 - Tatuapé, São Paulo - SP, 03314-030, Brasil",11.47,42.68,BRL
Rio de Janeiro,uberX,COMPLETED,2018-04-16 00:27:14 +0000 UTC,2018-04-16 00:33:08 +0000 UTC,-22.9838103,-43.1959898,"R. Antônio Parreiras, 69 - Ipanema, Rio de Janeiro - RJ, 22411-020, Brasil",2018-04-16 01:03:03 +0000 UTC,-22.9000604,-43.208584,"Rua Comandante García Píres, 61 - Santo Cristo, Rio de Janeiro - RJ, 20220-250, Brasil",8.89,25.81,BRL
Rio de Janeiro,uberX,COMPLETED,2018-03-12 00:33:53 +0000 UTC,2018-03-12 00:36:40 +0000 UTC,-22.9839334,-43.1962344,"R. Antônio Parreiras, 71 - Ipanema, Rio de Janeiro - RJ, 22411-020, Brasil",2018-03-12 00:54:12 +0000 UTC,-22.8995233,-43.2099697,"Rodoviária Novo Rio Av. Francisco Bicalho, No 01, 177 - Santo Cristo, Rio de Janeiro - RJ, 20220-250, Brasil",0.01,7.75,BRL
Rio de Janeiro,uberX,COMPLETED,2018-02-26 00:30:30 +0000 UTC,2018-02-26 00:38:27 +0000 UTC,-22.9838295,-43.1962441,"R. Antônio Parreiras, 69 - Ipanema, Rio de Janeiro - RJ, 22411-020, Brasil",2018-02-26 00:56:47 +0000 UTC,-22.8993629,-43.2098917,"Av. Francisco Bicalho, 110 - Santo Cristo, Rio de Janeiro - RJ, 20220-250, Brasil",7.49,23.49,BRL
Rio de Janeiro,uberX,COMPLETED,2018-01-21 23:57:56 +0000 UTC,2018-01-22 00:02:14 +0000 UTC,-22.9836354,-43.1960529,"R. Antônio Parreiras, 94 - Ipanema, Rio de Janeiro - RJ, 22411-020, Brasil",2018-01-22 00:31:18 +0000 UTC,-22.9007259,-43.2097781,"Av. Francisco Bicalho, 477 - Santo Cristo, Rio de Janeiro - RJ, 20220-310, Brasil",7.21,23.33,BRL
Sao Paulo,uberX,COMPLETED,2018-01-01 19:39:25 +0000 UTC,2018-01-01 19:43:57 +0000 UTC,-23.6269193,-46.659393,"Praça Comandante Linneu Gomes, 270 - Santo Amaro, São Paulo - SP, 04626-911, Brazil",2018-01-01 20:06:47 +0000 UTC,-23.5381218,-46.5630321,"R. Melo Freire, 3560 - Tatuapé, São Paulo - SP, 03314-030, Brazil",10.70,62.01,BRL
Rio de Janeiro,uberX,COMPLETED,2017-12-10 23:49:20 +0000 UTC,2017-12-10 23:51:57 +0000 UTC,-22.9837766,-43.1960549,"R. Antônio Parreiras, 69 - Ipanema, Rio de Janeiro - RJ, 22411-020, Brazil",2017-12-11 00:17:19 +0000 UTC,-22.8997604,-43.2099934,"Rodoviária Novo Rio Av. Francisco Bicalho, No 01, 177 - Santo Cristo, Rio de Janeiro - RJ, 20220-250, Brazil",7.97,40.3,BRL
Rio de Janeiro,uberX,CANCELED,2017-12-10 23:47:15 +0000 UTC,1970-01-01 00:00:00 +0000 UTC,-22.9826378,-43.1920899,"Rua Raul Pompéia, 195 - Copacabana - Rio de Janeiro - RJ, 22081",1970-01-01 00:00:00 +0000 UTC,-22.9832864,-43.1918438,"R. Francisco Sá, 41 - Copacabana - Rio de Janeiro - RJ, 22080-010",0.00,0,BRL
Sao Paulo,uberX,COMPLETED,2017-10-22 00:22:02 +0000 UTC,2017-10-22 00:29:45 +0000 UTC,-23.5141017,-46.4287537,"R. Nossa Sra. dos Remédios, 12 - Jardim Santo Antonio, São Paulo - SP, 08032-180, Brazil",2017-10-22 01:11:34 +0000 UTC,-23.6331199,-46.467674,"R. Lourenço Leite Penteado, 494a - Parque Sao Rafael, São Paulo - SP, 08311-170, Brazil",11.71,47.25,BRL
Sao Paulo,uberX,COMPLETED,2017-10-21 15:43:34 +0000 UTC,2017-10-21 15:48:25 +0000 UTC,-23.6331227,-46.4678377,"R. Lourenço Leite Penteado, 493 - Parque Sao Rafael, São Paulo - SP, 08311-170, Brazil",2017-10-21 16:10:34 +0000 UTC,-23.5702548,-46.4690942,"Av. Afonso de Sampaio e Sousa, 587 - Itaquera, São Paulo - SP, 08270-000, Brazil",6.97,25.09,BRL
Rio de Janeiro,uberX,COMPLETED,2017-10-15 23:50:07 +0000 UTC,2017-10-15 23:54:32 +0000 UTC,-22.9839754,-43.1959882,"R. Antônio Parreiras, 67 - Ipanema, Rio de Janeiro - RJ, 22411-020, Brazil",2017-10-16 00:20:46 +0000 UTC,-22.8917467,-43.21468,"Av. Rio de Janeiro, 535 - Caju, Rio de Janeiro - RJ, 20931-675, Brazil",7.54,25.31,BRL
Rio de Janeiro,uberX,COMPLETED,2017-09-25 00:35:58 +0000 UTC,2017-09-25 00:37:49 +0000 UTC,-22.9838878,-43.1962275,"Rua Antônio Parreiras, 71 - Ipanema - Rio de Janeiro - RJ, 22411-020",2017-09-25 01:09:05 +0000 UTC,-22.8995734,-43.2098773,"Av. Francisco Bicalho, 01 - Santo Cristo - Rio de Janeiro - RJ, 20220-310",7.72,24.17,BRL
Sao Paulo,uberX,COMPLETED,2017-09-09 14:16:47 +0000 UTC,2017-09-09 14:21:22 +0000 UTC,-23.6330919,-46.4677205,"Rua Lourenço Leite Penteado, 489 - São Rafael - Sao Paulo - SP, 08311-170",2017-09-09 15:13:47 +0000 UTC,-23.5135961,-46.427648,"Rua Jequirana de Goiás, 98 - Vila Curuçá - Sao Paulo - SP, 08032-230",11.72,42.23,BRL
Rio de Janeiro,uberX,COMPLETED,2017-08-28 00:58:59 +0000 UTC,2017-08-28 01:03:45 +0000 UTC,-22.9837226,-43.1960463,"Rua Antônio Parreiras, 94 - Ipanema - Rio de Janeiro - RJ, 22411-020",2017-08-28 01:20:15 +0000 UTC,-22.899185,-43.2099168,"Av. Francisco Bicalho, 01 - Santo Cristo - Rio de Janeiro - RJ, 20220-310",7.48,23.32,BRL
Sao Paulo,uberX,COMPLETED,2017-08-20 00:58:33 +0000 UTC,2017-08-20 01:02:08 +0000 UTC,-23.515493,-46.4597299,"Estrada do Imperador, 4620 - Sao Paulo - SP, 08051-000",2017-08-20 01:26:07 +0000 UTC,-23.6330696,-46.4676986,"Rua Lourenço Leite Penteado, 489 - São Rafael - Sao Paulo - SP, 08311-170",10.14,33.98,BRL
Sao Paulo,uberX,COMPLETED,2017-08-13 18:18:14 +0000 UTC,2017-08-13 18:22:32 +0000 UTC,-23.6331017,-46.4677069,"Rua Lourenço Leite Penteado, 489 - São Rafael - Sao Paulo - SP, 08311-170",2017-08-13 18:34:33 +0000 UTC,-23.6369307,-46.444366,"Rua Violeta & Rua dos Jasmins - São Rafael - Sao Paulo - SP, 08391",2.67,10.86,BRL
Rio de Janeiro,uberX,COMPLETED,2017-07-24 00:49:28 +0000 UTC,2017-07-24 00:55:16 +0000 UTC,-22.9836141,-43.1957487,"Rua Antônio Parreiras, 56 - Ipanema - Rio de Janeiro - RJ, 22411-020",2017-07-24 01:24:52 +0000 UTC,-22.9006031,-43.20978,"Rua Comandante Garcia Pires, 10 - Santo Cristo - Rio de Janeiro - RJ, 20220-250",7.92,23.94,BRL
Sao Paulo,uberX,COMPLETED,2017-07-16 01:05:23 +0000 UTC,2017-07-16 01:13:46 +0000 UTC,-23.6331095,-46.4677039,"Rua Lourenço Leite Penteado, 489 - São Rafael - Sao Paulo - SP, 08311-170",2017-07-16 01:25:40 +0000 UTC,-23.6368765,-46.4444844,"Rua Violeta & Rua dos Jasmins - São Rafael - Sao Paulo - SP, 08391",2.23,10.76,BRL
Rio de Janeiro,uberX,COMPLETED,2017-07-03 00:57:35 +0000 UTC,2017-07-03 01:02:05 +0000 UTC,-22.9838997,-43.1963356,"Rua Antônio Parreiras, 71 - Ipanema - Rio de Janeiro - RJ, 22411-020",2017-07-03 01:22:13 +0000 UTC,-22.8992118,-43.2098396,"Av. Francisco Bicalho, 01 - Santo Cristo - Rio de Janeiro - RJ, 20220-310",7.49,23.2,BRL
Rio de Janeiro,uberX,COMPLETED,2017-06-05 01:03:15 +0000 UTC,2017-06-05 01:05:11 +0000 UTC,-22.9837425,-43.1960267,"Rua Antônio Parreiras, 94 - Ipanema - Rio de Janeiro - RJ, 22411-020",2017-06-05 01:23:06 +0000 UTC,-22.8990401,-43.2096968,"Av. Francisco Bicalho, 01 - Santo Cristo - Rio de Janeiro - RJ, 20220-310",7.63,23.4,BRL
Rio de Janeiro,uberX,COMPLETED,2017-05-22 01:32:46 +0000 UTC,2017-05-22 01:40:01 +0000 UTC,-22.9838988,-43.1956804,"R. Antônio Parreiras, 67 - Ipanema - Rio de Janeiro - RJ, 22411-020",2017-05-22 01:57:34 +0000 UTC,-22.8990312,-43.2096971,"Av. Francisco Bicalho, 01 - Santo Cristo - Rio de Janeiro - RJ, 20220-310",7.80,23.05,BRL
Rio de Janeiro,uberX,CANCELED,2017-05-22 01:23:06 +0000 UTC,1970-01-01 00:00:00 +0000 UTC,-22.9855335,-43.1993249,"Rua Prudente de Morais, 276 - Ipanema - Rio de Janeiro - RJ, 22420-040",1970-01-01 00:00:00 +0000 UTC,-22.9838097,-43.1965551,"Rua Antônio Parreiras, 71 - Ipanema - Rio de Janeiro - RJ, 22411-020",0.00,7,BRL
Sao Paulo,uberX,COMPLETED,2017-05-02 12:41:58 +0000 UTC,2017-05-02 12:45:26 +0000 UTC,-23.6266072,-46.6595238,"Pç. Cmte. Linneu Gomes - Vila Congonhas - São Paulo - SP, 04626-001",2017-05-02 13:18:22 +0000 UTC,-23.5455001,-46.635626,"R. Libero Badaro, 508 - Centro - São Paulo - SP, 01008-000",6.97,30.61,BRL
Sao Paulo,,UNFULFILLED,2017-05-02 12:37:54 +0000 UTC,1970-01-01 00:00:00 +0000 UTC,,,,1970-01-01 00:00:00 +0000 UTC,,,,0.00,0,
Sao Paulo,uberX,COMPLETED,2017-04-28 18:24:58 +0000 UTC,2017-04-28 18:27:52 +0000 UTC,-23.5401486,-46.5662048,"Rua Vilela, 665 - Tatuapé - Sao Paulo - SP, 03314-000",2017-04-28 18:43:10 +0000 UTC,-23.551918,-46.6140401,"Rua Doutor Freire, 60 - Brás - Sao Paulo - SP, 03101-020",3.88,14.31,BRL
Rio de Janeiro,uberX,COMPLETED,2017-04-17 00:30:44 +0000 UTC,2017-04-17 00:34:30 +0000 UTC,-22.9836663,-43.196282,"Rua Antônio Parreiras, 138 - Ipanema - Rio de Janeiro - RJ, 22411-020",2017-04-17 01:12:56 +0000 UTC,-22.8958801,-43.2033928,"Av. Prof. Pereira Reis, 36 - Santo Cristo - Rio de Janeiro - RJ, 20220-800",8.47,27.21,BRL
Rio de Janeiro,uberX,COMPLETED,2017-04-15 23:56:58 +0000 UTC,2017-04-16 00:00:31 +0000 UTC,-22.9760915,-43.1903531,"R. Bolívar, 75 - Copacabana - Rio de Janeiro - RJ, 22061-020",2017-04-16 00:09:53 +0000 UTC,-22.9835345,-43.2006713,"Rua Barão da Torre, 145 - Ipanema - Rio de Janeiro - RJ, 22411-001",1.61,7.75,BRL
Rio de Janeiro,uberX,COMPLETED,2017-04-15 19:20:51 +0000 UTC,2017-04-15 19:25:27 +0000 UTC,-22.9846605,-43.1960576,"Rua Visconde de Pirajá, 44 - Ipanema - Rio de Janeiro - RJ, 22410-000",2017-04-15 19:52:57 +0000 UTC,-22.8987297,-43.2096656,"Avenida Francisco Bicalho, 1 - Santo Cristo - Rio de Janeiro - RJ, 20220-310",8.05,26.35,BRL
Rio de Janeiro,uberX,COMPLETED,2017-04-03 01:45:04 +0000 UTC,2017-04-03 01:54:59 +0000 UTC,-22.9836487,-43.1961876,"Rua Antônio Parreiras, 126 - Ipanema - Rio de Janeiro - RJ, 22411-020",2017-04-03 02:17:22 +0000 UTC,-22.8986623,-43.2094061,"Av. Francisco Bicalho, 01 - Santo Cristo - Rio de Janeiro - RJ, 20220-310",8.03,22.75,BRL
Rio de Janeiro,uberX,CANCELED,2017-04-03 01:31:56 +0000 UTC,1970-01-01 00:00:00 +0000 UTC,-22.9789025,-43.1893346,"Av. Atlântica, 3432 - Copacabana - Rio de Janeiro - RJ, 22070-001",1970-01-01 00:00:00 +0000 UTC,-22.982754,-43.1945699,"Rua Bulhões Carvalho, 547 - Copacabana - Rio de Janeiro - RJ, 22081-000",0.00,7,BRL
Sao Paulo,POOL: MATCHED,COMPLETED,2017-03-17 21:22:31 +0000 UTC,2017-03-17 21:34:05 +0000 UTC,-23.5443606,-46.634729,"Rua Líbero Badaró, 644 - Sao Paulo - SP, 01008-000",2017-03-17 21:54:33 +0000 UTC,-23.5630633,-46.6520757,"Rua São Carlos do Pinhal, 558 - Sao Paulo - SP, 01333-000",2.56,14.02,BRL
Sao Paulo,POOL,DRIVER_CANCELED,2017-03-17 21:07:52 +0000 UTC,1970-01-01 00:00:00 +0000 UTC,,,,1970-01-01 00:00:00 +0000 UTC,,,,0.00,4,BRL
Rio de Janeiro,uberX,COMPLETED,2017-02-12 23:55:27 +0000 UTC,2017-02-12 23:59:57 +0000 UTC,-22.9836837,-43.1960183,"Rua Antônio Parreiras, 94 - Ipanema - Rio de Janeiro - RJ, 22411-020",2017-02-13 00:17:27 +0000 UTC,-22.8992652,-43.2098418,"Av. Francisco Bicalho, 01 - Santo Cristo - Rio de Janeiro - RJ, 20220-310",7.61,24.46,BRL
